Const,Created,Description,Directors,Genres,IMDb_Rating,Modified,Num_Votes,Position,Release_Date,Runtime,Title,Title_Type,URL,Year
tt0416471,2011-08-15,None,Aric Avelino,Drama,6.1,2011-08-15,2922,1,2005-09-15,95,American Gun,movie,https://www.imdb.com/title/tt0416471/,2005
tt1334260,2011-08-15,None,Mark Romanek,"Drama, Romance, Sci-Fi",7.1,2011-08-15,131429,2,2010-09-03,103,Never Let Me Go,movie,https://www.imdb.com/title/tt1334260/,2010
tt1013860,2011-08-15,None,Kevin Munroe,"Action, Comedy, Crime, Fantasy, Horror, Mystery, Sci-Fi, Thriller",5.1,2011-08-15,14225,3,2011-03-16,107,Dylan Dog: Dead of Night,movie,https://www.imdb.com/title/tt1013860/,2010
tt1606180,2011-08-15,None,Michael Pavone,"Comedy, Drama, Romance",7,2011-08-15,10035,4,2011-04-29,101,That's What I Am,movie,https://www.imdb.com/title/tt1606180/,2011
tt1219289,2011-08-15,None,Neil Burger,"Sci-Fi, Thriller",7.4,2011-08-15,499132,5,2011-03-08,105,Limitless,movie,https://www.imdb.com/title/tt1219289/,2011
tt0208026,2011-08-15,None,Carlo Verdone,Comedy,5.7,2011-08-15,936,6,2000-03-02,108,C'era un cinese in coma,movie,https://www.imdb.com/title/tt0208026/,2000
tt0167947,2011-08-15,None,Carlo Verdone,Comedy,5.5,2011-08-15,874,7,1998-10-16,93,Gallo cedrone,movie,https://www.imdb.com/title/tt0167947/,1998
tt0945513,2011-08-15,None,Duncan Jones,"Action, Drama, Mystery, Sci-Fi, Thriller",7.5,2011-08-15,458259,8,2011-03-11,93,Source Code,movie,https://www.imdb.com/title/tt0945513/,2011
tt1788383,2011-08-15,None,Brian A. Miller,"Action, Crime, Drama, Thriller",4.4,2011-08-15,3237,9,2011-07-19,90,House of the Rising Sun,movie,https://www.imdb.com/title/tt1788383/,2011
tt1353168,2011-08-15,None,Bobby Paunescu,Drama,6.1,2011-08-15,522,10,2009-09-03,94,Francesca,movie,https://www.imdb.com/title/tt1353168/,2009
tt0091369,2011-08-15,None,Jim Henson,"Adventure, Family, Fantasy, Musical",7.4,2011-08-15,115485,11,1986-06-27,101,Labyrinth,movie,https://www.imdb.com/title/tt0091369/,1986
tt0360486,2011-08-15,None,Francis Lawrence,"Action, Fantasy, Horror, Mystery",7,2011-08-15,284193,12,2005-02-07,121,Constantine,movie,https://www.imdb.com/title/tt0360486/,2005
tt0398165,2011-08-15,None,Peter Segal,"Comedy, Crime, Sport",6.4,2011-08-15,152603,13,2005-05-19,113,The Longest Yard,movie,https://www.imdb.com/title/tt0398165/,2005
tt0191397,2011-08-15,None,Howard Deutch,"Comedy, Sport",6.6,2011-08-15,55181,14,2000-08-07,118,The Replacements,movie,https://www.imdb.com/title/tt0191397/,2000
tt0146675,2011-08-15,None,Peter Hyams,"Action, Fantasy, Horror, Thriller",5.8,2011-08-15,101303,15,1999-11-16,122,End of Days,movie,https://www.imdb.com/title/tt0146675/,1999
tt1091722,2011-08-15,None,Greg Mottola,"Comedy, Drama, Romance",6.8,2011-08-15,147724,16,2009-01-19,107,Adventureland,movie,https://www.imdb.com/title/tt1091722/,2009
tt1360860,2011-08-15,None,Asghar Farhadi,"Drama, Mystery, Thriller",8,2011-08-15,39336,17,2009-02-07,119,Darbareye Elly,movie,https://www.imdb.com/title/tt1360860/,2009
tt0118849,2011-08-15,None,Majid Majidi,"Drama, Family",8.3,2011-08-15,55576,18,1997-02-01,89,Bacheha-Ye aseman,movie,https://www.imdb.com/title/tt0118849/,1997
tt1013752,2011-08-15,None,Justin Lin,"Action, Adventure, Thriller",6.6,2011-08-15,246778,19,2009-03-12,107,Fast & Furious,movie,https://www.imdb.com/title/tt1013752/,2009
tt1401152,2011-08-15,None,Jaume Collet-Serra,"Action, Mystery, Thriller",6.8,2011-08-15,237321,20,2011-02-16,113,Unknown,movie,https://www.imdb.com/title/tt1401152/,2011
tt1110626,2011-08-15,None,Stuart Gillard,"Comedy, Drama, Romance, Sport",6.2,2011-08-15,2635,21,2008-03-16,91,The Cutting Edge 3: Chasing the Dream,tvMovie,https://www.imdb.com/title/tt1110626/,2008
tt0073633,2011-08-15,None,Marino Girolami,"Action, Crime, Drama, Thriller",6.8,2011-08-15,487,22,1975-08-13,89,Roma violenta,movie,https://www.imdb.com/title/tt0073633/,1975
tt1196141,2011-08-15,None,Thor Freudenthal,"Comedy, Drama, Family",6.2,2011-08-15,39326,23,2010-03-18,94,Diary of a Wimpy Kid,movie,https://www.imdb.com/title/tt1196141/,2010
tt1233192,2011-08-15,None,Rowan Joffe,"Crime, Drama, Thriller",5.7,2011-08-15,5859,24,2010-09-13,111,Brighton Rock,movie,https://www.imdb.com/title/tt1233192/,2010
tt1114740,2011-08-15,None,Steve Carr,"Action, Comedy, Crime, Family",5.2,2011-08-15,97087,25,2009-01-06,91,Paul Blart: Mall Cop,movie,https://www.imdb.com/title/tt1114740/,2009
tt0114898,2011-08-15,None,Kevin Reynolds,"Action, Adventure, Sci-Fi, Thriller",6.2,2011-08-15,169497,26,1995-07-28,135,Waterworld,movie,https://www.imdb.com/title/tt0114898/,1995
tt1385826,2011-08-15,None,George Nolfi,"Romance, Sci-Fi, Thriller",7,2011-08-15,230647,27,2011-02-14,106,The Adjustment Bureau,movie,https://www.imdb.com/title/tt1385826/,2011
tt1220888,2011-08-15,None,Malcolm Venville,"Comedy, Crime, Drama, Romance",6,2011-08-15,18026,28,2010-09-14,108,Henry's Crime,movie,https://www.imdb.com/title/tt1220888/,2010
tt1538503,2011-08-15,None,Vin Diesel,"Short, Drama",5.9,2011-08-15,3304,29,2009-07-28,20,Los Bandoleros,video,https://www.imdb.com/title/tt1538503/,2009
tt1092026,2011-08-15,None,Greg Mottola,"Adventure, Comedy, Sci-Fi",7,2011-08-15,223111,30,2011-02-07,104,Paul,movie,https://www.imdb.com/title/tt1092026/,2011
tt1650404,2011-08-15,None,Sabina Guzzanti,Documentary,7.5,2011-08-15,638,31,2010-05-07,93,Draquila - L'Italia che trema,movie,https://www.imdb.com/title/tt1650404/,2010
tt0107438,2011-08-15,None,Tom Ropelewski,"Comedy, Family, Romance",4.4,2011-08-15,26141,32,1993-01-15,96,Look Who's Talking Now,movie,https://www.imdb.com/title/tt0107438/,1993
tt0100050,2011-08-15,None,Amy Heckerling,"Comedy, Family, Romance",4.7,2011-08-15,42312,33,1990-12-14,81,Look Who's Talking Too,movie,https://www.imdb.com/title/tt0100050/,1990
tt0097778,2011-08-15,None,Amy Heckerling,Comedy,5.9,2011-08-15,73444,34,1989-10-12,93,Look Who's Talking,movie,https://www.imdb.com/title/tt0097778/,1989
tt0099785,2011-08-15,None,Chris Columbus,"Comedy, Family",7.6,2011-08-15,412981,35,1990-11-10,103,Home Alone,movie,https://www.imdb.com/title/tt0099785/,1990
tt0104431,2011-08-15,None,Chris Columbus,"Adventure, Comedy, Crime, Family",6.7,2011-08-15,268889,36,1992-11-15,120,Home Alone 2: Lost in New York,movie,https://www.imdb.com/title/tt0104431/,1992
tt1502404,2011-08-15,None,Patrick Lussier,"Action, Crime, Fantasy, Sci-Fi, Thriller",5.4,2011-08-15,91012,37,2011-02-24,104,Drive Angry,movie,https://www.imdb.com/title/tt1502404/,2011
tt1073655,2011-08-15,None,Luca Lucini,Comedy,6.6,2011-08-15,753,38,2008-04-04,115,"Amore, bugie & calcetto",movie,https://www.imdb.com/title/tt1073655/,2008
tt0118971,2011-08-15,None,Taylor Hackford,"Drama, Mystery, Thriller",7.5,2011-08-15,306816,39,1997-10-13,144,The Devil's Advocate,movie,https://www.imdb.com/title/tt0118971/,1997
tt0128442,2011-08-15,None,John Dahl,"Crime, Drama",7.3,2011-08-15,135380,40,1998-08-25,121,Rounders,movie,https://www.imdb.com/title/tt0128442/,1998
tt0085404,2011-08-15,None,Nicholas Meyer,"Drama, Sci-Fi",7,2011-08-15,13259,41,1983-11-20,127,The Day After,tvMovie,https://www.imdb.com/title/tt0085404/,1983
tt1467304,2011-08-15,None,Tom Six,Horror,4.4,2011-08-15,68837,42,2009-08-30,92,The Human Centipede (First Sequence),movie,https://www.imdb.com/title/tt1467304/,2009
tt0386676,2011-08-15,None,,Comedy,8.8,2011-08-15,314853,43,2005-03-24,22,The Office,tvSeries,https://www.imdb.com/title/tt0386676/,2005
tt1433108,2011-08-15,None,George Tillman Jr.,"Action, Crime, Drama, Thriller",6.4,2011-08-15,94664,44,2010-11-24,98,Faster,movie,https://www.imdb.com/title/tt1433108/,2010
tt0384766,2011-08-15,None,,"Action, Drama, History, Romance, War",8.7,2011-08-15,143784,45,2005-08-28,90,Rome,tvSeries,https://www.imdb.com/title/tt0384766/,2005
tt0087803,2011-08-15,None,Michael Radford,"Drama, Sci-Fi",7.1,2011-08-15,61096,46,1984-10-10,113,Nineteen Eighty-Four,movie,https://www.imdb.com/title/tt0087803/,1984
tt1575694,2011-08-15,None,William Kaufman,"Action, Thriller",5.4,2011-08-15,11129,47,2011-04-03,90,The Hit List,movie,https://www.imdb.com/title/tt1575694/,2011
tt0385700,2011-08-15,None,"Tetsuya Nomura, Takeshi Nozue","Animation, Action, Adventure, Drama, Fantasy, Mystery, Sci-Fi, Thriller",7.2,2011-08-15,53612,48,2005-08-31,101,Fainaru fantajî sebun adobento chirudoren,movie,https://www.imdb.com/title/tt0385700/,2005
tt0093004,2011-08-15,None,Ettore Scola,"Drama, Romance",7.4,2011-08-15,1834,49,1987-01-20,127,La famiglia,movie,https://www.imdb.com/title/tt0093004/,1987
tt0091148,2011-08-15,None,"Giuseppe Moccia, Franco Castellano",Comedy,5.6,2011-08-15,1333,50,1986-10-31,110,Grandi magazzini,movie,https://www.imdb.com/title/tt0091148/,1986
tt0078788,2011-08-15,None,Francis Ford Coppola,"Drama, Mystery, War",8.4,2011-08-15,559560,51,1979-05-19,147,Apocalypse Now,movie,https://www.imdb.com/title/tt0078788/,1979
tt0120338,2011-08-15,None,James Cameron,"Drama, Romance",7.8,2011-08-15,974724,52,1997-11-01,194,Titanic,movie,https://www.imdb.com/title/tt0120338/,1997
tt1245742,2011-08-15,None,"Pino Insegno, Gianluca Sodaro",Comedy,3.8,2011-08-15,157,53,2008-11-28,,Ti stramo: Ho voglia di un'ultima notte da manuale prima di tre baci sopra il cielo,movie,https://www.imdb.com/title/tt1245742/,2008
tt0089218,2011-08-15,None,Richard Donner,"Adventure, Comedy, Family",7.8,2011-08-15,222723,54,1985-06-07,114,The Goonies,movie,https://www.imdb.com/title/tt0089218/,1985
tt0438488,2011-08-15,None,McG,"Action, Sci-Fi",6.5,2011-08-15,324868,55,2009-05-14,115,Terminator Salvation,movie,https://www.imdb.com/title/tt0438488/,2009
tt0103064,2011-08-15,None,James Cameron,"Action, Sci-Fi",8.5,2011-08-15,925286,56,1991-07-01,137,Terminator 2: Judgment Day,movie,https://www.imdb.com/title/tt0103064/,1991
tt0395492,2011-08-15,None,"Alex Kang, Dan Huber","Comedy, Short",6.1,2011-08-15,59,57,2004-01-25,12,Career Suicide,short,https://www.imdb.com/title/tt0395492/,2004
tt0088247,2011-08-15,None,James Cameron,"Action, Sci-Fi",8,2011-08-15,743096,58,1984-10-26,107,The Terminator,movie,https://www.imdb.com/title/tt0088247/,1984
tt0091763,2011-08-15,None,Oliver Stone,"Drama, War",8.1,2011-08-15,357012,59,1986-12-19,120,Platoon,movie,https://www.imdb.com/title/tt0091763/,1986
tt0087843,2011-08-15,None,Sergio Leone,"Crime, Drama",8.4,2011-08-15,283812,60,1984-05-20,229,Once Upon a Time in America,movie,https://www.imdb.com/title/tt0087843/,1984
tt0031381,2011-08-15,None,"Sam Wood, George Cukor, Victor Fleming","Drama, History, Romance, War",8.1,2011-08-15,268350,61,1939-12-15,238,Gone with the Wind,movie,https://www.imdb.com/title/tt0031381/,1939
tt0093773,2011-08-15,None,John McTiernan,"Action, Adventure, Sci-Fi, Thriller",7.8,2011-08-15,350093,62,1987-06-12,107,Predator,movie,https://www.imdb.com/title/tt0093773/,1987
tt0338998,2011-08-15,None,Carlo Vanzina,Comedy,5.4,2011-08-15,535,63,2002-10-31,104,Febbre da cavallo - La mandrakata,movie,https://www.imdb.com/title/tt0338998/,2002
tt0094291,2011-08-15,None,Oliver Stone,"Crime, Drama",7.4,2011-08-15,135998,64,1987-12-11,126,Wall Street,movie,https://www.imdb.com/title/tt0094291/,1987
tt0356910,2011-08-15,None,Doug Liman,"Action, Comedy, Crime, Thriller",6.5,2011-08-15,423634,65,2005-06-07,120,Mr. & Mrs. Smith,movie,https://www.imdb.com/title/tt0356910/,2005
tt0181852,2011-08-15,None,Jonathan Mostow,"Action, Sci-Fi",6.3,2011-08-15,355135,66,2003-06-30,109,Terminator 3: Rise of the Machines,movie,https://www.imdb.com/title/tt0181852/,2003
tt0276594,2011-08-15,None,Michele Soavi,Drama,7.5,2011-08-15,283,67,2001-02-05,190,Uno bianca,tvMovie,https://www.imdb.com/title/tt0276594/,2001
tt0370263,2011-08-15,None,Paul W.S. Anderson,"Action, Adventure, Horror, Sci-Fi, Thriller",5.6,2011-08-15,175876,68,2004-08-12,101,AVP: Alien vs. Predator,movie,https://www.imdb.com/title/tt0370263/,2004
tt0483607,2011-08-15,None,Neil Marshall,"Action, Sci-Fi, Thriller",6,2011-08-15,69800,69,2008-03-14,108,Doomsday,movie,https://www.imdb.com/title/tt0483607/,2008
tt0146316,2011-08-15,None,Simon West,"Action, Adventure, Fantasy, Thriller",5.8,2011-08-15,188042,70,2001-06-11,100,Lara Croft: Tomb Raider,movie,https://www.imdb.com/title/tt0146316/,2001
tt0329101,2011-08-15,None,Ronny Yu,"Action, Horror",5.7,2011-08-15,104912,71,2003-08-13,97,Freddy vs. Jason,movie,https://www.imdb.com/title/tt0329101/,2003
tt0158983,2011-08-15,None,Trey Parker,"Animation, Comedy, Fantasy, Musical",7.7,2011-08-15,184331,72,1999-06-30,81,"South Park: Bigger, Longer & Uncut",movie,https://www.imdb.com/title/tt0158983/,1999
tt1783413,2011-08-15,None,Robert Dornhelm,"Crime, Drama",5.7,2011-08-15,1933,73,2011-02-21,87,Amanda Knox,tvMovie,https://www.imdb.com/title/tt1783413/,2011
tt0101640,2011-08-15,None,Yimou Zhang,"Drama, History, Romance",8.1,2011-08-15,26871,74,1991-09-10,125,Da hong deng long gao gao gua,movie,https://www.imdb.com/title/tt0101640/,1991
tt1217613,2011-08-15,None,Jonathan Liebesman,"Action, Adventure, Fantasy, Mystery, Sci-Fi",5.7,2011-08-15,168282,75,2011-03-08,116,Battle Los Angeles,movie,https://www.imdb.com/title/tt1217613/,2011
tt1452628,2011-08-15,None,Brad Anderson,"Horror, Mystery, Thriller",4.9,2011-08-15,24114,76,2010-09-12,92,Vanishing on 7th Street,movie,https://www.imdb.com/title/tt1452628/,2010
tt0439817,2011-08-15,None,Aleksandr Sokurov,"Drama, History",7.3,2011-08-15,2472,77,2005-02-17,110,Solntse,movie,https://www.imdb.com/title/tt0439817/,2005
tt0092860,2011-08-15,None,Jim Wynorski,"Adventure, Comedy, Fantasy",5.2,2011-08-15,1932,78,1987-09-12,85,Deathstalker II,movie,https://www.imdb.com/title/tt0092860/,1987
tt1523498,2011-08-15,None,Carlo Mazzacurati,"Comedy, Drama",6.2,2011-08-15,603,79,2010-09-03,106,La passione,movie,https://www.imdb.com/title/tt1523498/,2010
tt0087814,2011-08-15,None,"Roberto Benigni, Massimo Troisi","Comedy, Fantasy",7.7,2011-08-15,4871,80,1984-12-20,113,Non ci resta che piangere,movie,https://www.imdb.com/title/tt0087814/,1984
tt0071486,2011-08-15,None,Luciano Salce,Comedy,8,2011-08-15,5059,81,1975-03-27,108,Fantozzi,movie,https://www.imdb.com/title/tt0071486/,1975
tt0371280,2011-08-15,None,Jafar Panahi,"Drama, Thriller",7.5,2011-08-15,4128,82,2003-05-24,97,Talaye sorkh,movie,https://www.imdb.com/title/tt0371280/,2003
tt1075114,2011-08-15,None,Paolo Virzì,"Comedy, Drama, Romance",6.9,2011-08-15,2670,83,2008-03-28,117,Tutta la vita davanti,movie,https://www.imdb.com/title/tt1075114/,2008
tt0088879,2011-08-15,None,Giuseppe Tornatore,"Crime, Drama",7.2,2011-08-15,1157,84,1986-09-12,171,Il camorrista,movie,https://www.imdb.com/title/tt0088879/,1986
tt0295375,2011-08-15,None,Granz Henman,"Comedy, Fantasy, Romance",4.6,2011-08-15,2774,85,2002-03-14,85,Knallharte Jungs,movie,https://www.imdb.com/title/tt0295375/,2002
tt1002536,2011-08-15,None,Gabriele Salvatores,"Drama, Thriller",6.5,2011-08-15,1297,86,2008-12-12,103,Come Dio comanda,movie,https://www.imdb.com/title/tt1002536/,2008
tt1680058,2011-08-15,None,"Mattia Torre, Luca Vendruscolo, Giacomo Ciarrapico",Comedy,6.9,2011-08-15,1877,87,2011-04-01,108,Boris - Il film,movie,https://www.imdb.com/title/tt1680058/,2011
tt0112445,2011-08-15,None,Jafar Panahi,"Drama, Family",7.7,2011-08-15,6088,88,1995-02-01,85,Badkonake sefid,movie,https://www.imdb.com/title/tt0112445/,1995
tt0469849,2011-08-15,None,Ugo Fabrizio Giordani,Comedy,2.9,2011-08-15,4543,89,2005-04-22,97,Troppo belli,movie,https://www.imdb.com/title/tt0469849/,2005
tt1600413,2011-08-15,None,,"Comedy, Reality-TV",6.9,2011-08-15,1599,90,2009-10-13,104,Jackass: The Lost Tapes,video,https://www.imdb.com/title/tt1600413/,2009
tt0255094,2011-08-15,None,Jafar Panahi,Drama,7.4,2011-08-15,5373,91,2000-09-07,90,Dayereh,movie,https://www.imdb.com/title/tt0255094/,2000
tt0283431,2011-08-15,None,Mohsen Makhmalbaf,"Biography, Drama, War",6.8,2011-08-15,6216,92,2001-05-11,85,Safar e Ghandehar,movie,https://www.imdb.com/title/tt0283431/,2001
tt0212879,2011-08-15,None,Lloyd Kaufman,"Action, Comedy, Fantasy, Horror, Sci-Fi",6.2,2011-08-15,4853,93,2000-10-08,109,Citizen Toxie: The Toxic Avenger IV,movie,https://www.imdb.com/title/tt0212879/,2000
tt0076085,2011-08-15,None,Ettore Scola,Drama,8.1,2011-08-15,10135,94,1977-05-19,106,Una giornata particolare,movie,https://www.imdb.com/title/tt0076085/,1977
tt0414036,2011-08-15,None,"Scott Hillenbrand, David Hillenbrand","Sci-Fi, Fantasy",4.2,2011-08-15,687,95,2004-12-31,83,Game Box 1.0,movie,https://www.imdb.com/title/tt0414036/,2004
tt0301978,2011-08-15,None,Abbas Kiarostami,Drama,7.5,2011-08-15,6317,96,2002-05-20,94,Dah,movie,https://www.imdb.com/title/tt0301978/,2002
tt0329042,2011-08-15,None,Enzo Monteleone,"Drama, War",7.1,2011-08-15,1617,97,2002-11-08,117,El Alamein - La linea del fuoco,movie,https://www.imdb.com/title/tt0329042/,2002
tt1207648,2011-08-15,None,Duncan Christie,Comedy,4.9,2011-08-15,749,98,2008-03-27,80,Confessions of a Porn Addict,movie,https://www.imdb.com/title/tt1207648/,2008
tt0087127,2011-08-15,None,James Sbardellati,"Adventure, Fantasy",4.6,2011-08-15,3683,99,1983-09-02,80,Deathstalker,movie,https://www.imdb.com/title/tt0087127/,1983
tt0417944,2011-08-15,None,Giovanni Veronesi,"Comedy, Drama, Romance",6.4,2011-08-15,3300,100,2005-03-07,116,Manuale d'amore,movie,https://www.imdb.com/title/tt0417944/,2005
tt1426378,2011-08-15,None,Bahman Ghobadi,"Drama, Music",7.2,2011-08-15,6538,101,2009-05-14,106,Kasi az gorbehaye irani khabar nadareh,movie,https://www.imdb.com/title/tt1426378/,2009
tt0389828,2011-08-15,None,Kevin Willmott,"Comedy, Drama, War",6.4,2011-08-15,4526,102,2004-01-31,89,C.S.A.: The Confederate States of America,movie,https://www.imdb.com/title/tt0389828/,2004
tt1332486,2011-08-15,None,Gabriele Muccino,"Drama, Romance",5.9,2011-08-15,1443,103,2010-01-29,139,Baciami ancora,movie,https://www.imdb.com/title/tt1332486/,2010
tt0846040,2011-08-15,None,Daniele Luchetti,"Comedy, Crime, Drama, History",7.1,2011-08-15,5804,104,2007-04-20,100,Mio fratello è figlio unico,movie,https://www.imdb.com/title/tt0846040/,2007
tt0076200,2011-08-15,None,Walerian Borowczyk,"Drama, Romance",5.1,2011-08-15,933,105,1978-01-26,95,Interno di un convento,movie,https://www.imdb.com/title/tt0076200/,1978
tt0120834,2011-08-15,None,Scott Hicks,"Drama, Mystery, Romance, Thriller",6.7,2011-08-15,13255,106,1999-09-12,127,Snow Falling on Cedars,movie,https://www.imdb.com/title/tt0120834/,1999
tt1127205,2011-08-15,None,,"Biography, Drama, History, War",7.5,2011-08-15,2689,107,2009-01-05,150,The Diary of Anne Frank,tvMiniSeries,https://www.imdb.com/title/tt1127205/,2009
tt0130121,2011-08-15,None,Kelly Makin,"Comedy, Crime, Romance",5.8,2011-08-15,33229,108,1999-08-10,102,Mickey Blue Eyes,movie,https://www.imdb.com/title/tt0130121/,1999
tt1441373,2011-08-15,None,Saverio Costanzo,Drama,6.3,2011-08-15,3129,109,2010-09-09,118,La solitudine dei numeri primi,movie,https://www.imdb.com/title/tt1441373/,2010
tt0120695,2011-08-15,None,P.J. Pesce,"Horror, Thriller, Western",4.8,2011-08-15,10441,110,1999-10-31,94,From Dusk Till Dawn 3: The Hangman's Daughter,video,https://www.imdb.com/title/tt0120695/,1999
tt1117523,2011-08-15,None,Jeff Tremaine,"Documentary, Action, Comedy",6.4,2011-08-15,18937,111,2007-12-19,64,Jackass 2.5,video,https://www.imdb.com/title/tt1117523/,2007
tt0373690,2011-08-15,None,Jean-Paul Salomé,"Action, Adventure, Crime, Mystery, Romance",5.5,2011-08-15,6408,112,2004-09-17,125,Arsène Lupin,movie,https://www.imdb.com/title/tt0373690/,2004
tt0100260,2011-08-15,None,Clive Barker,"Action, Fantasy, Horror",6.6,2011-08-15,17939,113,1990-02-16,102,Nightbreed,movie,https://www.imdb.com/title/tt0100260/,1990
tt0126388,2011-08-15,None,Peter MacDonald,"Action, Adventure, Drama, War",5.4,2011-08-15,21486,114,1998-12-03,99,Legionnaire,movie,https://www.imdb.com/title/tt0126388/,1998
tt0101698,2011-08-15,None,Albert Brooks,"Comedy, Drama, Fantasy",7.2,2011-08-15,15758,115,1991-03-22,112,Defending Your Life,movie,https://www.imdb.com/title/tt0101698/,1991
tt1401113,2011-08-15,None,"Victor Cook, Shûkô Murase, Lee Seung-Gyu, Jong-Sik Nam, Mike Disa, Yasuomi Umetsu, Sangjin Kim","Animation, Action, Adventure, Drama, Fantasy, Horror",6.6,2011-08-15,7463,116,2010-02-09,84,Dante's Inferno: An Animated Epic,video,https://www.imdb.com/title/tt1401113/,2010
tt1016268,2011-08-15,None,Alex Gibney,"Documentary, Biography, History",7.6,2011-08-15,15558,117,2005-04-22,110,Enron: The Smartest Guys in the Room,movie,https://www.imdb.com/title/tt1016268/,2005
tt0338763,2011-08-15,None,"Kinji Fukasaku, Kenta Fukasaku","Action, Drama, Sci-Fi, Thriller",4.7,2011-08-15,18619,118,2003-07-05,134,Batoru rowaiaru II: Chinkonka,movie,https://www.imdb.com/title/tt0338763/,2003
tt0131646,2011-08-15,None,Chris Roberts,"Action, Adventure, Sci-Fi",4.3,2011-08-15,15749,119,1999-03-12,100,Wing Commander,movie,https://www.imdb.com/title/tt0131646/,1999
tt0427042,2011-08-15,None,,"Biography, Comedy, Drama, History, Romance",7.9,2011-08-15,4539,120,2005-03-13,174,Casanova,tvMiniSeries,https://www.imdb.com/title/tt0427042/,2005
tt1023490,2011-08-15,None,Paolo Sorrentino,"Biography, Drama",7.3,2011-08-15,14692,121,2008-05-23,110,Il divo - La spettacolare vita di Giulio Andreotti,movie,https://www.imdb.com/title/tt1023490/,2008
tt0081059,2011-08-15,None,Moustapha Akkad,"Biography, Drama, History, War",8.4,2011-08-15,12753,122,1980-12-19,173,Lion of the Desert,movie,https://www.imdb.com/title/tt0081059/,1980
tt0199683,2011-08-15,None,Takeshi Kitano,"Drama, Comedy",7.8,2011-08-15,17208,123,1999-05-20,122,Kikujirô no natsu,movie,https://www.imdb.com/title/tt0199683/,1999
tt0409799,2011-08-15,None,Sean Ellis,"Short, Comedy, Drama",7.7,2011-08-15,9510,124,2004-08-01,18,Cashback,short,https://www.imdb.com/title/tt0409799/,2004
tt1074213,2011-08-15,None,Federico Moccia,Romance,6.2,2011-08-15,4561,125,2008-01-25,103,Scusa ma ti chiamo amore,movie,https://www.imdb.com/title/tt1074213/,2008
tt0113677,2011-08-15,None,Tom DiCillo,"Comedy, Drama",7.5,2011-08-15,15242,126,1995-01-20,90,Living in Oblivion,movie,https://www.imdb.com/title/tt0113677/,1995
tt0386032,2011-08-15,None,Michael Moore,"Documentary, Drama",7.9,2011-08-15,71995,127,2007-05-19,123,Sicko,movie,https://www.imdb.com/title/tt0386032/,2007
tt0265930,2011-08-15,None,Gabriele Muccino,"Comedy, Drama, Romance",6.9,2011-08-15,7510,128,2001-02-02,115,L'ultimo bacio,movie,https://www.imdb.com/title/tt0265930/,2001
tt0286112,2011-08-15,None,Stephen Chow,"Action, Comedy, Fantasy, Sport",7.2,2011-08-15,69866,129,2001-07-12,113,Siu Lam juk kau,movie,https://www.imdb.com/title/tt0286112/,2001
tt0104714,2011-08-15,None,Richard Donner,"Action, Crime, Thriller",6.7,2011-08-15,148033,130,1992-05-11,118,Lethal Weapon 3,movie,https://www.imdb.com/title/tt0104714/,1992
tt0168122,2011-08-15,None,Martyn Burke,"Biography, Drama, History",7.3,2011-08-15,22786,131,1999-06-20,95,Pirates of Silicon Valley,tvMovie,https://www.imdb.com/title/tt0168122/,1999
tt0091059,2011-08-15,None,Randal Kleiser,"Adventure, Family, Sci-Fi",6.9,2011-08-15,41048,132,1986-07-30,90,Flight of the Navigator,movie,https://www.imdb.com/title/tt0091059/,1986
tt0102426,2011-08-15,None,Gabriele Salvatores,"Comedy, Drama, War",7.5,2011-08-15,12718,133,1991-01-31,96,Mediterraneo,movie,https://www.imdb.com/title/tt0102426/,1991
tt0132245,2011-08-15,None,Renny Harlin,"Action, Drama, Sport",4.6,2011-08-15,37882,134,2001-03-08,116,Driven,movie,https://www.imdb.com/title/tt0132245/,2001
tt0484740,2011-08-15,None,Mike Newell,"Drama, Romance",6.4,2011-08-15,21440,135,2007-10-04,139,Love in the Time of Cholera,movie,https://www.imdb.com/title/tt0484740/,2007
tt0310793,2011-08-15,None,Michael Moore,"Documentary, Crime, Drama",7.9,2011-08-15,135709,136,2002-05-16,120,Bowling for Columbine,movie,https://www.imdb.com/title/tt0310793/,2002
tt0452624,2011-08-15,None,Steven Soderbergh,"Drama, Mystery, Romance, Thriller, War",6,2011-08-15,23252,137,2006-11-12,105,The Good German,movie,https://www.imdb.com/title/tt0452624/,2006
tt0373283,2011-08-15,None,Ryan Little,"Action, Drama, War",6.7,2011-08-15,19428,138,2003-09-11,90,Saints and Soldiers,movie,https://www.imdb.com/title/tt0373283/,2003
tt0105629,2011-08-15,None,Barry Levinson,"Adventure, Comedy, Drama, Family, Fantasy",5.1,2011-08-15,29411,139,1992-12-18,118,Toys,movie,https://www.imdb.com/title/tt0105629/,1992
tt0087995,2011-08-15,None,Alex Cox,"Comedy, Crime, Sci-Fi, Thriller",6.9,2011-08-15,31165,140,1984-02-29,92,Repo Man,movie,https://www.imdb.com/title/tt0087995/,1984
tt0057546,2011-08-15,None,Wolfgang Reitherman,"Animation, Adventure, Comedy, Family, Fantasy, Musical",7.2,2011-08-15,81993,141,1963-12-25,79,The Sword in the Stone,movie,https://www.imdb.com/title/tt0057546/,1963
tt0238112,2011-08-15,None,John Madden,"Drama, Music, Romance, War",5.9,2011-08-15,31542,142,2001-04-19,131,Captain Corelli's Mandolin,movie,https://www.imdb.com/title/tt0238112/,2001
tt0097647,2011-08-15,None,John G. Avildsen,"Action, Drama, Family, Sport",5.2,2011-08-15,45089,143,1989-04-15,112,The Karate Kid Part III,movie,https://www.imdb.com/title/tt0097647/,1989
tt0264472,2011-08-15,None,Roger Michell,"Drama, Thriller",6.4,2011-08-15,64065,144,2002-04-07,98,Changing Lanes,movie,https://www.imdb.com/title/tt0264472/,2002
tt0119874,2011-08-15,None,Mimi Leder,"Action, Thriller",5.9,2011-08-15,51648,145,1997-09-23,124,The Peacemaker,movie,https://www.imdb.com/title/tt0119874/,1997
tt0077869,2011-08-15,None,Ralph Bakshi,"Animation, Adventure, Fantasy",6.2,2011-08-15,27904,146,1978-11-15,132,The Lord of the Rings,movie,https://www.imdb.com/title/tt0077869/,1978
tt0367093,2011-08-15,None,Phil Tippett,"Action, Adventure, Horror, Sci-Fi",3.5,2011-08-15,21004,147,2004-04-24,88,Starship Troopers 2: Hero of the Federation,video,https://www.imdb.com/title/tt0367093/,2004
tt0078718,2011-08-15,None,Norman Jewison,"Crime, Drama, Thriller",7.4,2011-08-15,28030,148,1979-09-15,119,...and justice for all.,movie,https://www.imdb.com/title/tt0078718/,1979
tt0075178,2011-08-15,None,Luciano Salce,Comedy,7.7,2011-08-15,3400,149,1976-04-10,110,Il secondo tragico Fantozzi,movie,https://www.imdb.com/title/tt0075178/,1976
tt0109190,2011-08-15,None,Patrick Read Johnson,"Adventure, Comedy, Crime, Drama, Family",6.1,2011-08-15,41712,150,1994-07-01,99,Baby's Day Out,movie,https://www.imdb.com/title/tt0109190/,1994
tt0080719,2011-08-15,None,"Neri Parenti, Paolo Villaggio",Comedy,7.1,2011-08-15,2361,151,1980-11-13,97,Fantozzi contro tutti,movie,https://www.imdb.com/title/tt0080719/,1980
tt0888507,2011-08-15,None,Francesco Falaschi,Comedy,5.2,2011-08-15,229,152,2007-04-13,88,Last Minute Marocco,movie,https://www.imdb.com/title/tt0888507/,2007
tt1272011,2011-08-15,None,Marco Risi,"Biography, Crime, Drama",7.2,2011-08-15,757,153,2009-03-20,108,Fortapàsc,movie,https://www.imdb.com/title/tt1272011/,2009
tt0480922,2011-08-15,None,Neri Parenti,Comedy,3.9,2011-08-15,1367,154,2005-12-15,100,Natale a Miami,movie,https://www.imdb.com/title/tt0480922/,2005
tt1065305,2011-08-15,None,Claudio Cupellini,Comedy,6.2,2011-08-15,807,155,2007-11-23,99,Lezioni di cioccolato,movie,https://www.imdb.com/title/tt1065305/,2007
tt0099388,2011-08-15,None,Howard R. Cohen,"Action, Adventure, Fantasy",3.7,2011-08-15,679,156,1991-07-13,85,Deathstalker IV: Match of Titans,movie,https://www.imdb.com/title/tt0099388/,1991
tt0097174,2011-08-15,None,Alfonso Corona,"Action, Adventure, Fantasy",2.7,2011-08-15,1693,157,1988-12-31,86,Deathstalker and the Warriors from Hell,movie,https://www.imdb.com/title/tt0097174/,1988
tt0328832,2011-08-15,None,"Yoshiaki Kawajiri, Peter Chung, Shin'ichirô Watanabe, Takeshi Koike, Kôji Morimoto, Mahiro Maeda, Andrew R. Jones","Animation, Action, Adventure, Sci-Fi",7.4,2011-08-15,68504,158,2003-04-17,100,The Animatrix,video,https://www.imdb.com/title/tt0328832/,2003
tt0118892,2011-08-15,None,Marshall Herskovitz,"Biography, Drama, Romance",7.3,2011-08-15,15092,159,1998-02-20,111,Dangerous Beauty,movie,https://www.imdb.com/title/tt0118892/,1998
tt0119860,2011-08-15,None,Masayuki Ochiai,"Drama, Horror, Romance, Sci-Fi, Thriller",5.8,2011-08-15,953,160,,120,Parasaito Ivu,movie,https://www.imdb.com/title/tt0119860/,1997
tt1075419,2011-08-15,None,Tung-Shing Yee,"Action, Crime, Drama, Thriller",7,2011-08-15,10875,161,2009-03-22,119,Xin Su shi jian,movie,https://www.imdb.com/title/tt1075419/,2009
tt0120866,2011-08-15,None,Julie Taymor,"Drama, History, Thriller",7.1,2011-08-15,19002,162,1999-12-25,162,Titus,movie,https://www.imdb.com/title/tt0120866/,1999
tt0343594,2011-08-15,None,Daniele Luchetti,"Comedy, Romance",6.6,2011-08-15,869,163,2003-04-04,109,Dillo con parole mie,movie,https://www.imdb.com/title/tt0343594/,2003
tt1509631,2011-08-15,None,Giovanni Veronesi,Comedy,5.5,2011-08-15,515,164,2010-02-26,110,Genitori & figli:) - Agitare bene prima dell'uso,movie,https://www.imdb.com/title/tt1509631/,2010
tt0122648,2011-08-15,None,Paolo Virzì,"Comedy, Drama",7.3,2011-08-15,2696,165,1997-09-03,100,Ovosodo,movie,https://www.imdb.com/title/tt0122648/,1997
tt0060390,2011-08-15,None,François Truffaut,"Drama, Sci-Fi",7.2,2011-08-15,38881,166,1966-09-07,112,Fahrenheit 451,movie,https://www.imdb.com/title/tt0060390/,1966
tt0169164,2011-08-15,None,Luciano Ligabue,Drama,7.1,2011-08-15,1788,167,1998-10-16,112,Radiofreccia,movie,https://www.imdb.com/title/tt0169164/,1998
tt0160009,2011-08-15,None,Christian Duguay,"Action, Adventure, Crime, Thriller",5.7,2011-08-15,27646,168,2000-08-23,117,The Art of War,movie,https://www.imdb.com/title/tt0160009/,2000
tt1242516,2011-08-15,None,Renzo Martinelli,"Drama, History, War",4.4,2011-08-15,1191,169,2009-10-02,139,Barbarossa,movie,https://www.imdb.com/title/tt1242516/,2009
tt1471324,2011-08-15,None,Federico Moccia,"Comedy, Romance",2.5,2011-08-15,512,170,2009-10-30,95,Amore 14,movie,https://www.imdb.com/title/tt1471324/,2009
tt1183732,2011-08-15,None,Yoshihiro Nishimura,"Action, Comedy, Horror, Sci-Fi",5.9,2011-08-15,10377,171,2008-05-29,110,Tôkyô zankoku keisatsu,movie,https://www.imdb.com/title/tt1183732/,2008
tt0093260,2011-08-15,None,Joe Dante,"Action, Adventure, Comedy, Fantasy, Sci-Fi, Thriller",6.8,2011-08-15,50645,172,1987-07-01,120,Innerspace,movie,https://www.imdb.com/title/tt0093260/,1987
tt0443584,2011-08-15,None,Luca Guadagnino,Drama,4.8,2011-08-15,5821,173,2005-11-18,100,Melissa P.,movie,https://www.imdb.com/title/tt0443584/,2005
tt0384814,2011-08-15,None,Robert Towne,"Drama, Romance",5.8,2011-08-15,8902,174,2006-02-02,117,Ask the Dust,movie,https://www.imdb.com/title/tt0384814/,2006
tt0113986,2011-08-15,None,Chris Columbus,"Comedy, Romance",5.5,2011-08-15,33603,175,1995-07-12,103,Nine Months,movie,https://www.imdb.com/title/tt0113986/,1995
tt0242998,2011-08-15,None,Jamie Blanks,"Horror, Mystery, Thriller",4.8,2011-08-15,23644,176,2001-02-01,96,Valentine,movie,https://www.imdb.com/title/tt0242998/,2001
tt0070909,2011-08-15,None,Michael Crichton,"Action, Sci-Fi, Thriller, Western",7,2011-08-15,47569,177,1973-08-15,88,Westworld,movie,https://www.imdb.com/title/tt0070909/,1973
tt0281364,2011-08-15,None,Gérard Krawczyk,"Action, Drama, Comedy, Crime, Thriller",6.7,2011-08-15,35092,178,2001-10-31,94,Wasabi,movie,https://www.imdb.com/title/tt0281364/,2001
tt0348505,2011-08-15,None,David Mackenzie,"Drama, Romance, Thriller",6.1,2011-08-15,4646,179,2005-02-11,99,Asylum,movie,https://www.imdb.com/title/tt0348505/,2005
tt0096061,2011-08-15,None,Richard Donner,"Comedy, Drama, Fantasy, Romance",7,2011-08-15,78275,180,1988-11-17,101,Scrooged,movie,https://www.imdb.com/title/tt0096061/,1988
tt0192614,2011-08-15,None,Rob Cohen,"Action, Crime, Drama, Thriller",5.6,2011-08-15,29814,181,2000-03-27,106,The Skulls,movie,https://www.imdb.com/title/tt0192614/,2000
tt0089114,2011-08-15,None,Joe Dante,"Adventure, Comedy, Family, Romance, Sci-Fi",6.6,2011-08-15,18252,182,1985-07-12,109,Explorers,movie,https://www.imdb.com/title/tt0089114/,1985
tt0312843,2011-08-15,None,Sion Sono,"Crime, Drama, Horror, Mystery, Thriller",6.6,2011-08-15,17508,183,2001-10-29,99,Jisatsu sâkuru,movie,https://www.imdb.com/title/tt0312843/,2001
tt0204626,2011-08-15,None,Joe Charbanic,"Crime, Drama, Mystery, Thriller",5.3,2011-08-15,24538,184,2000-09-07,97,The Watcher,movie,https://www.imdb.com/title/tt0204626/,2000
tt1156173,2011-08-15,None,Marco Bellocchio,"Biography, Drama, Romance",6.9,2011-08-15,5013,185,2009-05-19,128,Vincere,movie,https://www.imdb.com/title/tt1156173/,2009
tt0058777,2011-08-15,None,Cy Endfield,"Drama, History, War",7.7,2011-08-15,33689,186,1964-01-22,138,Zulu,movie,https://www.imdb.com/title/tt0058777/,1964
tt0065832,2011-08-15,None,Arthur Allan Seidelman,"Adventure, Family, Fantasy",3.3,2011-08-15,16125,187,1970-02-25,91,Hercules in New York,movie,https://www.imdb.com/title/tt0065832/,1970
tt0113613,2011-08-15,None,Stacy Title,"Comedy, Crime, Drama, Thriller",6.8,2011-08-15,13584,188,1995-09-08,92,The Last Supper,movie,https://www.imdb.com/title/tt0113613/,1995
tt0937237,2011-08-15,None,Brian De Palma,"Crime, Thriller, War",6.1,2011-08-15,9802,189,2007-08-31,90,Redacted,movie,https://www.imdb.com/title/tt0937237/,2007
tt0275277,2011-08-15,None,"Shin'ichirô Watanabe, Hiroyuki Okiura, Yoshiyuki Takei, Tensai Okamura","Animation, Action, Crime, Drama, Sci-Fi, Thriller",7.9,2011-08-15,39871,190,2001-09-01,115,Cowboy Bebop: Tengoku no tobira,movie,https://www.imdb.com/title/tt0275277/,2001
tt0100114,2011-08-15,None,Dwight H. Little,"Action, Adventure, Crime, Drama, Thriller",6,2011-08-15,18354,191,1990-10-05,93,Marked for Death,movie,https://www.imdb.com/title/tt0100114/,1990
tt0067277,2011-08-15,None,Dalton Trumbo,"Drama, War",7.9,2011-08-15,14417,192,1971-05-14,111,Johnny Got His Gun,movie,https://www.imdb.com/title/tt0067277/,1971
tt0133152,2011-08-15,None,Tim Burton,"Action, Adventure, Sci-Fi, Thriller",5.7,2011-08-15,203232,193,2001-07-26,119,Planet of the Apes,movie,https://www.imdb.com/title/tt0133152/,2001
tt0106950,2011-08-15,None,Stuart Gordon,"Action, Crime, Sci-Fi, Thriller",5.9,2011-08-15,26244,194,1992-12-18,95,Fortress,movie,https://www.imdb.com/title/tt0106950/,1992
tt1375666,2011-08-15,None,Christopher Nolan,"Action, Adventure, Sci-Fi, Thriller",8.8,2011-08-15,1878421,195,2010-07-08,148,Inception,movie,https://www.imdb.com/title/tt1375666/,2010
tt0120860,2011-08-15,None,Scott Spiegel,"Crime, Horror, Thriller",4.1,2011-08-15,14532,196,1999-03-16,88,From Dusk Till Dawn 2: Texas Blood Money,video,https://www.imdb.com/title/tt0120860/,1999
tt0068646,2011-08-15,None,Francis Ford Coppola,"Crime, Drama",9.2,2011-08-15,1470575,197,1972-03-14,175,The Godfather,movie,https://www.imdb.com/title/tt0068646/,1972
tt0111161,2011-08-15,None,Frank Darabont,Drama,9.3,2011-08-15,2142328,198,1994-09-10,142,The Shawshank Redemption,movie,https://www.imdb.com/title/tt0111161/,1994
tt0926084,2011-08-15,None,David Yates,"Adventure, Fantasy, Mystery",7.7,2011-08-15,434595,199,2010-11-11,146,Harry Potter and the Deathly Hallows: Part 1,movie,https://www.imdb.com/title/tt0926084/,2010
tt0295701,2011-08-15,None,Rob Cohen,"Action, Adventure, Thriller",5.9,2011-08-15,167562,200,2002-08-09,124,xXx,movie,https://www.imdb.com/title/tt0295701/,2002
tt0330373,2011-08-15,None,Mike Newell,"Adventure, Family, Fantasy, Mystery",7.7,2011-08-15,498377,201,2005-11-06,157,Harry Potter and the Goblet of Fire,movie,https://www.imdb.com/title/tt0330373/,2005
tt0260991,2011-08-15,None,Chan-wook Park,"Action, Drama, Thriller, War",7.8,2011-08-15,23907,202,2000-09-09,110,Gongdong gyeongbi guyeok JSA,movie,https://www.imdb.com/title/tt0260991/,2000
tt0099005,2011-08-15,None,Roger Spottiswoode,"Action, Comedy, War",5.8,2011-08-15,25573,203,1990-08-10,113,Air America,movie,https://www.imdb.com/title/tt0099005/,1990
tt1119646,2011-08-15,None,Todd Phillips,Comedy,7.7,2011-08-15,679195,204,2009-05-30,100,The Hangover,movie,https://www.imdb.com/title/tt1119646/,2009
tt1285016,2011-08-15,None,David Fincher,"Biography, Drama",7.7,2011-08-15,576845,205,2010-09-24,120,The Social Network,movie,https://www.imdb.com/title/tt1285016/,2010
tt0840361,2011-08-15,None,Ben Affleck,"Crime, Drama, Thriller",7.5,2011-08-15,327181,206,2010-09-08,125,The Town,movie,https://www.imdb.com/title/tt0840361/,2010
tt0110912,2011-08-15,None,Quentin Tarantino,"Crime, Drama",8.9,2011-08-15,1681417,207,1994-05-21,154,Pulp Fiction,movie,https://www.imdb.com/title/tt0110912/,1994
tt0120737,2011-08-15,None,Peter Jackson,"Adventure, Drama, Fantasy",8.8,2011-08-15,1538237,208,2001-12-10,178,The Lord of the Rings: The Fellowship of the Ring,movie,https://www.imdb.com/title/tt0120737/,2001
tt0499549,2011-08-15,None,James Cameron,"Action, Adventure, Fantasy, Sci-Fi",7.8,2011-08-15,1060896,209,2009-12-10,162,Avatar,movie,https://www.imdb.com/title/tt0499549/,2009
tt0361748,2011-08-15,None,Quentin Tarantino,"Adventure, Drama, War",8.3,2011-08-15,1152974,210,2009-05-20,153,Inglourious Basterds,movie,https://www.imdb.com/title/tt0361748/,2009
tt0063442,2011-08-15,None,Franklin J. Schaffner,"Adventure, Sci-Fi",8,2011-08-15,157602,211,1968-02-08,112,Planet of the Apes,movie,https://www.imdb.com/title/tt0063442/,1968
tt0137523,2011-08-15,None,David Fincher,Drama,8.8,2011-08-15,1712180,212,1999-09-10,139,Fight Club,movie,https://www.imdb.com/title/tt0137523/,1999
tt0071562,2011-08-15,None,Francis Ford Coppola,"Crime, Drama",9,2011-08-15,1023295,213,1974-12-12,202,The Godfather: Part II,movie,https://www.imdb.com/title/tt0071562/,1974
tt0407887,2011-08-15,None,Martin Scorsese,"Crime, Drama, Thriller",8.5,2011-08-15,1096272,214,2006-09-26,151,The Departed,movie,https://www.imdb.com/title/tt0407887/,2006
tt0316706,2011-08-15,None,Tom Green,Comedy,6.5,2011-08-15,672,215,2002-03-24,50,Subway Monkey Hour,tvMovie,https://www.imdb.com/title/tt0316706/,2002
tt1130884,2011-08-15,None,Martin Scorsese,"Mystery, Thriller",8.1,2011-08-15,1028195,216,2010-02-13,138,Shutter Island,movie,https://www.imdb.com/title/tt1130884/,2010
tt0169547,2011-08-15,None,Sam Mendes,Drama,8.3,2011-08-15,1003996,217,1999-09-08,122,American Beauty,movie,https://www.imdb.com/title/tt0169547/,1999
tt0289432,2011-08-15,None,Marco Ponti,Comedy,7,2011-08-15,1731,218,2001-10-26,96,Santa Maradona,movie,https://www.imdb.com/title/tt0289432/,2001
tt0317248,2011-08-15,None,"Kátia Lund, Fernando Meirelles","Crime, Drama",8.6,2011-08-15,655308,219,2002-05-18,130,Cidade de Deus,movie,https://www.imdb.com/title/tt0317248/,2002
tt1077026,2011-08-15,None,Carlo Verdone,Comedy,5.5,2011-08-15,1207,220,2008-03-07,135,"Grande, grosso e... Verdone",movie,https://www.imdb.com/title/tt1077026/,2008
tt0167260,2011-08-15,None,Peter Jackson,"Adventure, Drama, Fantasy",8.9,2011-08-15,1522795,221,2003-12-01,201,The Lord of the Rings: The Return of the King,movie,https://www.imdb.com/title/tt0167260/,2003
tt1320253,2011-08-15,None,Sylvester Stallone,"Action, Adventure, Thriller",6.5,2011-08-15,311370,222,2010-08-03,103,The Expendables,movie,https://www.imdb.com/title/tt1320253/,2010
tt0372784,2011-08-15,None,Christopher Nolan,"Action, Adventure",8.2,2011-08-15,1215513,223,2005-05-31,140,Batman Begins,movie,https://www.imdb.com/title/tt0372784/,2005
tt0338013,2011-08-15,None,Michel Gondry,"Drama, Romance, Sci-Fi",8.3,2011-08-15,839261,224,2004-03-09,108,Eternal Sunshine of the Spotless Mind,movie,https://www.imdb.com/title/tt0338013/,2004
tt0167261,2011-08-15,None,Peter Jackson,"Adventure, Drama, Fantasy",8.7,2011-08-15,1377362,225,2002-12-05,179,The Lord of the Rings: The Two Towers,movie,https://www.imdb.com/title/tt0167261/,2002
tt0086250,2011-08-15,None,Brian De Palma,"Crime, Drama",8.3,2011-08-15,677685,226,1983-12-01,170,Scarface,movie,https://www.imdb.com/title/tt0086250/,1983
tt1156398,2011-08-15,None,Ruben Fleischer,"Adventure, Comedy, Horror, Sci-Fi",7.6,2011-08-15,470346,227,2009-09-25,88,Zombieland,movie,https://www.imdb.com/title/tt1156398/,2009
tt0467406,2011-08-15,None,Jason Reitman,"Comedy, Drama",7.4,2011-08-15,470491,228,2007-09-01,96,Juno,movie,https://www.imdb.com/title/tt0467406/,2007
tt0077631,2011-08-15,None,Randal Kleiser,"Musical, Romance",7.2,2011-08-15,215447,229,1978-06-13,110,Grease,movie,https://www.imdb.com/title/tt0077631/,1978
tt0133093,2011-08-15,None,"Lilly Wachowski, Lana Wachowski","Action, Sci-Fi",8.7,2011-08-15,1542427,230,1999-03-24,136,The Matrix,movie,https://www.imdb.com/title/tt0133093/,1999
tt1014759,2011-08-15,None,Tim Burton,"Adventure, Family, Fantasy",6.4,2011-08-15,363347,231,2010-02-25,108,Alice in Wonderland,movie,https://www.imdb.com/title/tt1014759/,2010
tt0085524,2011-08-15,None,Neri Parenti,Comedy,6.5,2011-08-15,1689,232,1983-12-22,85,Fantozzi subisce ancora,movie,https://www.imdb.com/title/tt0085524/,1983
tt0304141,2011-08-15,None,Alfonso Cuarón,"Adventure, Family, Fantasy, Mystery",7.9,2011-08-15,499504,233,2004-05-23,142,Harry Potter and the Prisoner of Azkaban,movie,https://www.imdb.com/title/tt0304141/,2004
tt1672189,2011-08-15,None,,"Drama, Fantasy, History",6.5,2011-08-15,22206,234,2011-02-25,45,Camelot,tvSeries,https://www.imdb.com/title/tt1672189/,2011
tt0246578,2011-08-15,None,Richard Kelly,"Drama, Sci-Fi, Thriller",8,2011-08-15,706236,235,2001-01-19,113,Donnie Darko,movie,https://www.imdb.com/title/tt0246578/,2001
tt0452778,2011-08-15,None,Alessandro D'Alatri,Comedy,6.4,2011-08-15,652,236,2005-03-25,108,La febbre,movie,https://www.imdb.com/title/tt0452778/,2005
tt0099545,2011-08-15,None,Neri Parenti,Comedy,5.8,2011-08-15,1226,237,1990-12-21,105,Fantozzi alla riscossa,movie,https://www.imdb.com/title/tt0099545/,1990
tt0416449,2011-08-15,None,Zack Snyder,"Action, Drama, Fantasy, War",7.7,2011-08-15,700130,238,2006-12-09,117,300,movie,https://www.imdb.com/title/tt0416449/,2006
tt0118715,2011-08-15,None,"Joel Coen, Ethan Coen","Comedy, Crime",8.1,2011-08-15,674967,239,1998-02-15,117,The Big Lebowski,movie,https://www.imdb.com/title/tt0118715/,1998
tt1383252,2011-08-15,None,Roberto Burchielli,"Action, Drama",5.8,2011-08-15,158,240,2009-04-10,90,Sbirri,movie,https://www.imdb.com/title/tt1383252/,2009
tt0106867,2011-08-15,None,Neri Parenti,"Comedy, Romance",5.5,2011-08-15,1235,241,1993-12-22,98,Fantozzi in paradiso,movie,https://www.imdb.com/title/tt0106867/,1993
tt0985694,2011-08-15,None,"Ethan Maniquis, Robert Rodriguez","Action, Crime, Thriller",6.6,2011-08-15,183906,242,2010-09-01,105,Machete,movie,https://www.imdb.com/title/tt0985694/,2010
tt0829482,2011-08-15,None,Greg Mottola,Comedy,7.6,2011-08-15,490886,243,2007-08-17,113,Superbad,movie,https://www.imdb.com/title/tt0829482/,2007
tt1143140,2011-08-15,None,Matteo Rovere,Drama,5.3,2011-08-15,353,244,2008-10-25,95,Un gioco da ragazze,movie,https://www.imdb.com/title/tt1143140/,2008
tt1146304,2011-08-15,None,Stefano Salvati,"Action, Comedy, Drama, Music, Thriller",1.9,2011-08-15,521,245,2008-10-24,93,Albakiara,movie,https://www.imdb.com/title/tt1146304/,2008
tt0401792,2011-08-15,None,"Frank Miller, Quentin Tarantino, Robert Rodriguez","Crime, Thriller",8,2011-08-15,720113,246,2005-03-28,124,Sin City,movie,https://www.imdb.com/title/tt0401792/,2005
tt0083658,2011-08-15,None,Ridley Scott,"Action, Sci-Fi, Thriller",8.1,2011-08-15,640523,247,1982-06-25,117,Blade Runner,movie,https://www.imdb.com/title/tt0083658/,1982
tt0477348,2011-08-15,None,"Joel Coen, Ethan Coen","Crime, Drama, Thriller",8.1,2011-08-15,781093,248,2007-05-19,122,No Country for Old Men,movie,https://www.imdb.com/title/tt0477348/,2007
tt0075314,2011-08-15,None,Martin Scorsese,"Crime, Drama",8.3,2011-08-15,652812,249,1976-02-08,114,Taxi Driver,movie,https://www.imdb.com/title/tt0075314/,1976
tt0446602,2011-08-15,None,Fausto Paravidino,Drama,5.9,2011-08-15,260,250,2005-09-07,103,Texas,movie,https://www.imdb.com/title/tt0446602/,2005
tt1438493,2011-08-15,None,Antonio Capuano,Drama,6.3,2011-08-15,86,251,2010-09-02,110,L'amore buio,movie,https://www.imdb.com/title/tt1438493/,2010
tt0309992,2011-08-15,None,Renato De Maria,Comedy,6.7,2011-08-15,857,252,2002-02-22,102,Paz!,movie,https://www.imdb.com/title/tt0309992/,2002
tt0066921,2011-08-15,None,Stanley Kubrick,"Crime, Drama, Sci-Fi",8.3,2011-08-15,702682,253,1971-12-19,136,A Clockwork Orange,movie,https://www.imdb.com/title/tt0066921/,1971
tt0378194,2011-08-15,None,Quentin Tarantino,"Action, Crime, Thriller",8,2011-08-15,631630,254,2004-04-08,137,Kill Bill: Vol. 2,movie,https://www.imdb.com/title/tt0378194/,2004
tt0088763,2011-08-15,None,Robert Zemeckis,"Adventure, Comedy, Sci-Fi",8.5,2011-08-15,957952,255,1985-07-03,116,Back to the Future,movie,https://www.imdb.com/title/tt0088763/,1985
tt0144084,2011-08-15,None,Mary Harron,"Crime, Drama",7.6,2011-08-15,441065,256,2000-01-21,101,American Psycho,movie,https://www.imdb.com/title/tt0144084/,2000
tt0112573,2011-08-15,None,Mel Gibson,"Biography, Drama, History, War",8.3,2011-08-15,904055,257,1995-05-18,178,Braveheart,movie,https://www.imdb.com/title/tt0112573/,1995
tt0120586,2011-08-15,None,Tony Kaye,Drama,8.5,2011-08-15,967179,258,1998-10-30,119,American History X,movie,https://www.imdb.com/title/tt0120586/,1998
tt0099674,2011-08-15,None,Francis Ford Coppola,"Crime, Drama",7.6,2011-08-15,331324,259,1990-12-12,162,The Godfather Part III,movie,https://www.imdb.com/title/tt0099674/,1990
tt1060277,2011-08-15,None,Matt Reeves,"Horror, Sci-Fi, Thriller",7,2011-08-15,355416,260,2008-01-16,85,Cloverfield,movie,https://www.imdb.com/title/tt1060277/,2008
tt1205489,2011-08-15,None,Clint Eastwood,Drama,8.1,2011-08-15,679021,261,2008-12-09,116,Gran Torino,movie,https://www.imdb.com/title/tt1205489/,2008
tt1220634,2011-08-15,None,Paul W.S. Anderson,"Action, Adventure, Horror, Sci-Fi",5.8,2011-08-15,154969,262,2010-09-02,96,Resident Evil: Afterlife,movie,https://www.imdb.com/title/tt1220634/,2010
tt0081505,2011-08-15,None,Stanley Kubrick,"Drama, Horror",8.4,2011-08-15,801505,263,1980-05-23,146,The Shining,movie,https://www.imdb.com/title/tt0081505/,1980
tt0092005,2011-08-15,None,Rob Reiner,"Adventure, Drama",8.1,2011-08-15,339334,264,1986-10-27,89,Stand by Me,movie,https://www.imdb.com/title/tt0092005/,1986
tt0167404,2011-08-15,None,M. Night Shyamalan,"Drama, Mystery, Thriller",8.1,2011-08-15,857052,265,1999-08-02,107,The Sixth Sense,movie,https://www.imdb.com/title/tt0167404/,1999
tt0411951,2011-08-15,None,Dwight H. Little,"Action, Crime, Drama, Sci-Fi, Thriller",4.8,2011-08-15,25131,266,2010-03-20,87,Tekken,movie,https://www.imdb.com/title/tt0411951/,2010
tt0363163,2011-08-15,None,Oliver Hirschbiegel,"Biography, Drama, History, War",8.2,2011-08-15,310422,267,2004-09-08,156,Der Untergang,movie,https://www.imdb.com/title/tt0363163/,2004
tt1190080,2011-08-15,None,Roland Emmerich,"Action, Adventure, Sci-Fi",5.8,2011-08-15,332653,268,2009-11-11,158,2012,movie,https://www.imdb.com/title/tt1190080/,2009
tt0113277,2011-08-15,None,Michael Mann,"Crime, Drama, Thriller",8.2,2011-08-15,532635,269,1995-12-06,170,Heat,movie,https://www.imdb.com/title/tt0113277/,1995
tt0365748,2011-08-15,None,Edgar Wright,"Comedy, Horror",7.9,2011-08-15,477515,270,2004-03-29,99,Shaun of the Dead,movie,https://www.imdb.com/title/tt0365748/,2004
tt0117951,2011-08-15,None,Danny Boyle,Drama,8.1,2011-08-15,597732,271,1996-02-23,93,Trainspotting,movie,https://www.imdb.com/title/tt0117951/,1996
tt0093058,2011-08-15,None,Stanley Kubrick,"Drama, War",8.3,2011-08-15,622248,272,1987-06-17,116,Full Metal Jacket,movie,https://www.imdb.com/title/tt0093058/,1987
tt0266697,2011-08-15,None,Quentin Tarantino,"Action, Crime, Thriller",8.1,2011-08-15,926231,273,2003-09-29,111,Kill Bill: Vol. 1,movie,https://www.imdb.com/title/tt0266697/,2003
tt1440728,2011-08-15,None,Anton Corbijn,"Crime, Drama, Thriller",6.3,2011-08-15,87747,274,2010-09-01,105,The American,movie,https://www.imdb.com/title/tt1440728/,2010
tt1462758,2011-08-15,None,Rodrigo Cortés,"Drama, Mystery, Thriller",7,2011-08-15,141311,275,2010-01-23,95,Buried,movie,https://www.imdb.com/title/tt1462758/,2010
tt1197624,2011-08-15,None,F. Gary Gray,"Action, Crime, Drama, Thriller",7.4,2011-08-15,256572,276,2009-09-23,109,Law Abiding Citizen,movie,https://www.imdb.com/title/tt1197624/,2009
tt0887912,2011-08-15,None,Kathryn Bigelow,"Drama, Thriller, War",7.6,2011-08-15,397706,277,2008-09-04,131,The Hurt Locker,movie,https://www.imdb.com/title/tt0887912/,2008
tt0094226,2011-08-15,None,Brian De Palma,"Crime, Drama, Thriller",7.9,2011-08-15,259842,278,1987-06-02,119,The Untouchables,movie,https://www.imdb.com/title/tt0094226/,1987
tt0381061,2011-08-15,None,Martin Campbell,"Action, Adventure, Thriller",8,2011-08-15,545658,279,2006-11-14,144,Casino Royale,movie,https://www.imdb.com/title/tt0381061/,2006
tt0090605,2011-08-15,None,James Cameron,"Action, Adventure, Sci-Fi, Thriller",8.4,2011-08-15,610702,280,1986-07-14,137,Aliens,movie,https://www.imdb.com/title/tt0090605/,1986
tt0095016,2011-08-15,None,John McTiernan,"Action, Thriller",8.2,2011-08-15,731375,281,1988-07-12,132,Die Hard,movie,https://www.imdb.com/title/tt0095016/,1988
tt0078748,2011-08-15,None,Ridley Scott,"Horror, Sci-Fi",8.4,2011-08-15,728174,282,1979-05-25,117,Alien,movie,https://www.imdb.com/title/tt0078748/,1979
tt0084787,2011-08-15,None,John Carpenter,"Horror, Mystery, Sci-Fi",8.1,2011-08-15,338805,283,1982-06-25,109,The Thing,movie,https://www.imdb.com/title/tt0084787/,1982
tt0034583,2011-08-15,None,Michael Curtiz,"Drama, Romance, War",8.5,2011-08-15,484892,284,1942-11-26,102,Casablanca,movie,https://www.imdb.com/title/tt0034583/,1942
tt0414387,2011-08-15,None,Joe Wright,"Drama, Romance",7.8,2011-08-15,234293,285,2005-07-25,129,Pride & Prejudice,movie,https://www.imdb.com/title/tt0414387/,2005
tt1155076,2011-08-15,None,Harald Zwart,"Action, Drama, Family, Sport",6.2,2011-08-15,148946,286,2010-06-07,140,The Karate Kid,movie,https://www.imdb.com/title/tt1155076/,2010
tt0119008,2011-08-15,None,Mike Newell,"Biography, Crime, Drama",7.7,2011-08-15,258218,287,1997-02-24,127,Donnie Brasco,movie,https://www.imdb.com/title/tt0119008/,1997
tt0458352,2011-08-15,None,David Frankel,"Comedy, Drama",6.9,2011-08-15,345421,288,2006-06-29,109,The Devil Wears Prada,movie,https://www.imdb.com/title/tt0458352/,2006
tt0102057,2011-08-15,None,Steven Spielberg,"Adventure, Comedy, Family, Fantasy",6.8,2011-08-15,217453,289,1991-12-08,142,Hook,movie,https://www.imdb.com/title/tt0102057/,1991
tt0118880,2011-08-15,None,Simon West,"Action, Crime, Thriller",6.9,2011-08-15,260863,290,1997-06-02,115,Con Air,movie,https://www.imdb.com/title/tt0118880/,1997
tt1188729,2011-08-15,None,Christian Alvart,"Action, Horror, Mystery, Sci-Fi, Thriller",6.7,2011-08-15,138068,291,2009-09-25,108,Pandorum,movie,https://www.imdb.com/title/tt1188729/,2009
tt0496806,2011-08-15,None,Steven Soderbergh,"Crime, Thriller",6.9,2011-08-15,301412,292,2007-05-24,122,Ocean's Thirteen,movie,https://www.imdb.com/title/tt0496806/,2007
tt0888496,2011-08-15,None,"Corrado Guzzanti, Igor Skofic","Comedy, Sci-Fi",6.8,2011-08-15,809,293,2006-10-17,100,Fascisti su Marte,movie,https://www.imdb.com/title/tt0888496/,2006
tt0120669,2011-08-15,None,Terry Gilliam,"Adventure, Comedy, Drama",7.6,2011-08-15,245455,294,1998-05-15,118,Fear and Loathing in Las Vegas,movie,https://www.imdb.com/title/tt0120669/,1998
tt0240772,2011-08-15,None,Steven Soderbergh,"Crime, Thriller",7.8,2011-08-15,480955,295,2001-12-05,116,Ocean's Eleven,movie,https://www.imdb.com/title/tt0240772/,2001
tt0114746,2011-08-15,None,Terry Gilliam,"Mystery, Sci-Fi, Thriller",8,2011-08-15,545653,296,1995-12-08,129,Twelve Monkeys,movie,https://www.imdb.com/title/tt0114746/,1995
tt0356150,2011-08-15,None,"Jeff Schaffer, Alec Berg, David Mandel",Comedy,6.6,2011-08-15,184656,297,2004-02-20,92,EuroTrip,movie,https://www.imdb.com/title/tt0356150/,2004
tt0489099,2011-08-15,None,Doug Liman,"Action, Adventure, Sci-Fi, Thriller",6.1,2011-08-15,274985,298,2008-02-06,88,Jumper,movie,https://www.imdb.com/title/tt0489099/,2008
tt0337978,2011-08-15,None,Len Wiseman,"Action, Thriller",7.1,2011-08-15,374410,299,2007-06-12,128,Live Free or Die Hard,movie,https://www.imdb.com/title/tt0337978/,2007
tt0320661,2011-08-15,None,Ridley Scott,"Action, Adventure, Drama, History, War",7.2,2011-08-15,253196,300,2005-05-02,144,Kingdom of Heaven,movie,https://www.imdb.com/title/tt0320661/,2005
tt0425112,2011-08-15,None,Edgar Wright,"Action, Comedy, Mystery",7.8,2011-08-15,432899,301,2007-02-16,121,Hot Fuzz,movie,https://www.imdb.com/title/tt0425112/,2007
tt0234215,2011-08-15,None,"Lilly Wachowski, Lana Wachowski","Action, Sci-Fi",7.2,2011-08-15,486113,302,2003-05-07,138,The Matrix Reloaded,movie,https://www.imdb.com/title/tt0234215/,2003
tt0947810,2011-08-15,None,Paul Greengrass,"Action, Drama, Thriller, War",6.8,2011-08-15,123049,303,2010-02-26,115,Green Zone,movie,https://www.imdb.com/title/tt0947810/,2010
tt0221027,2011-08-15,None,Ted Demme,"Biography, Crime, Drama",7.6,2011-08-15,226716,304,2001-03-29,124,Blow,movie,https://www.imdb.com/title/tt0221027/,2001
tt0265086,2011-08-15,None,Ridley Scott,"Drama, History, War",7.7,2011-08-15,344339,305,2001-12-18,144,Black Hawk Down,movie,https://www.imdb.com/title/tt0265086/,2001
tt0112641,2011-08-15,None,Martin Scorsese,"Crime, Drama",8.2,2011-08-15,422154,306,1995-04-03,178,Casino,movie,https://www.imdb.com/title/tt0112641/,1995
tt0232500,2011-08-15,None,Rob Cohen,"Action, Crime, Thriller",6.8,2011-08-15,326185,307,2001-06-18,106,The Fast and the Furious,movie,https://www.imdb.com/title/tt0232500/,2001
tt1034032,2011-08-15,None,"Brian Taylor, Mark Neveldine","Action, Sci-Fi, Thriller",5.8,2011-08-15,125775,308,2009-09-03,95,Gamer,movie,https://www.imdb.com/title/tt1034032/,2009
tt0092099,2011-08-15,None,Tony Scott,"Action, Drama",6.9,2011-08-15,268541,309,1986-05-12,110,Top Gun,movie,https://www.imdb.com/title/tt0092099/,1986
tt0808151,2011-08-15,None,Ron Howard,"Mystery, Thriller",6.7,2011-08-15,256545,310,2009-05-04,138,Angels & Demons,movie,https://www.imdb.com/title/tt0808151/,2009
tt0482633,2011-08-15,None,Sabina Guzzanti,Documentary,7.1,2011-08-15,896,311,2005-09-09,80,Viva Zapatero!,movie,https://www.imdb.com/title/tt0482633/,2005
tt0426883,2011-08-15,None,Nick Cassavetes,"Biography, Crime, Drama, Thriller",6.9,2011-08-15,95841,312,2006-01-27,118,Alpha Dog,movie,https://www.imdb.com/title/tt0426883/,2006
tt1216520,2011-08-15,None,Benedek Fliegauf,"Drama, Romance, Sci-Fi",6.4,2011-08-15,12649,313,2010-07-15,111,Womb,movie,https://www.imdb.com/title/tt1216520/,2010
tt0091042,2011-08-15,None,John Hughes,Comedy,7.8,2011-08-15,294700,314,1986-06-11,103,Ferris Bueller's Day Off,movie,https://www.imdb.com/title/tt0091042/,1986
tt0480249,2011-08-15,None,Francis Lawrence,"Drama, Sci-Fi, Thriller",7.2,2011-08-15,643385,315,2007-12-05,101,I Am Legend,movie,https://www.imdb.com/title/tt0480249/,2007
tt0120591,2011-08-15,None,Michael Bay,"Action, Adventure, Sci-Fi, Thriller",6.7,2011-08-15,375654,316,1998-06-30,151,Armageddon,movie,https://www.imdb.com/title/tt0120591/,1998
tt0467197,2011-08-15,None,John Moore,"Action, Crime, Drama, Thriller",5.4,2011-08-15,118411,317,2008-10-13,100,Max Payne,movie,https://www.imdb.com/title/tt0467197/,2008
tt0824747,2011-08-15,None,Clint Eastwood,"Biography, Crime, Drama, History, Mystery, Thriller",7.7,2011-08-15,225276,318,2008-05-20,141,Changeling,movie,https://www.imdb.com/title/tt0824747/,2008
tt0289043,2011-08-15,None,Danny Boyle,"Drama, Horror, Sci-Fi, Thriller",7.6,2011-08-15,350405,319,2002-11-01,113,28 Days Later...,movie,https://www.imdb.com/title/tt0289043/,2002
tt0463985,2011-08-15,None,Justin Lin,"Action, Crime, Thriller",6,2011-08-15,223911,320,2006-06-04,104,The Fast and the Furious: Tokyo Drift,movie,https://www.imdb.com/title/tt0463985/,2006
tt1172570,2011-08-15,None,Nicolas Winding Refn,"Action, Biography, Crime, Drama",7.1,2011-08-15,111858,321,2008-10-31,92,Bronson,movie,https://www.imdb.com/title/tt1172570/,2008
tt0317919,2011-08-15,None,J.J. Abrams,"Action, Adventure, Thriller",6.9,2011-08-15,311088,322,2006-04-24,126,Mission: Impossible III,movie,https://www.imdb.com/title/tt0317919/,2006
tt0367882,2011-08-15,None,Steven Spielberg,"Action, Adventure",6.1,2011-08-15,399019,323,2008-05-18,122,Indiana Jones and the Kingdom of the Crystal Skull,movie,https://www.imdb.com/title/tt0367882/,2008
tt1068680,2011-08-15,None,Peyton Reed,"Comedy, Romance",6.8,2011-08-15,314624,324,2008-12-09,104,Yes Man,movie,https://www.imdb.com/title/tt1068680/,2008
tt0363547,2011-08-15,None,Zack Snyder,"Action, Horror",7.3,2011-08-15,222877,325,2004-03-10,101,Dawn of the Dead,movie,https://www.imdb.com/title/tt0363547/,2004
tt0242653,2011-08-15,None,"Lilly Wachowski, Lana Wachowski","Action, Sci-Fi",6.7,2011-08-15,422058,326,2003-10-27,129,The Matrix Revolutions,movie,https://www.imdb.com/title/tt0242653/,2003
tt0238380,2011-08-15,None,Kurt Wimmer,"Action, Drama, Sci-Fi, Thriller",7.4,2011-08-15,298965,327,2002-12-06,107,Equilibrium,movie,https://www.imdb.com/title/tt0238380/,2002
tt1179034,2011-08-15,None,Pierre Morel,"Action, Crime, Thriller",6.5,2011-08-15,107978,328,2010-02-04,92,From Paris with Love,movie,https://www.imdb.com/title/tt1179034/,2010
tt1057500,2011-08-15,None,Clint Eastwood,"Biography, Drama, History, Sport",7.3,2011-08-15,142291,329,2009-12-03,134,Invictus,movie,https://www.imdb.com/title/tt1057500/,2009
tt0100802,2011-08-15,None,Paul Verhoeven,"Action, Sci-Fi, Thriller",7.5,2011-08-15,281996,330,1990-05-31,113,Total Recall,movie,https://www.imdb.com/title/tt0100802/,1990
tt0435705,2011-08-15,None,Lee Tamahori,"Action, Sci-Fi, Thriller",6.2,2011-08-15,141650,331,2007-04-25,96,Next,movie,https://www.imdb.com/title/tt0435705/,2007
tt0083866,2011-08-15,None,Steven Spielberg,"Family, Sci-Fi",7.8,2011-08-15,343101,332,1982-05-26,115,E.T. the Extra-Terrestrial,movie,https://www.imdb.com/title/tt0083866/,1982
tt0195714,2011-08-15,None,James Wong,"Horror, Thriller",6.7,2011-08-15,214710,333,2000-03-16,98,Final Destination,movie,https://www.imdb.com/title/tt0195714/,2000
tt0175880,2011-08-15,None,Paul Thomas Anderson,Drama,8,2011-08-15,273145,334,1999-12-08,188,Magnolia,movie,https://www.imdb.com/title/tt0175880/,1999
tt0120382,2011-08-15,None,Peter Weir,"Comedy, Drama, Sci-Fi",8.1,2011-08-15,855158,335,1998-06-01,103,The Truman Show,movie,https://www.imdb.com/title/tt0120382/,1998
tt0093437,2011-08-15,None,Joel Schumacher,"Comedy, Horror",7.3,2011-08-15,113955,336,1987-07-27,97,The Lost Boys,movie,https://www.imdb.com/title/tt0093437/,1987
tt0454921,2011-08-15,None,Gabriele Muccino,"Biography, Drama",8,2011-08-15,412460,337,2006-12-15,117,The Pursuit of Happyness,movie,https://www.imdb.com/title/tt0454921/,2006
tt0087469,2011-08-15,None,Steven Spielberg,"Action, Adventure",7.6,2011-08-15,413710,338,1984-05-08,118,Indiana Jones and the Temple of Doom,movie,https://www.imdb.com/title/tt0087469/,1984
tt1111422,2011-08-15,None,Tony Scott,"Action, Crime, Thriller",6.4,2011-08-15,175831,339,2009-06-04,106,The Taking of Pelham 123,movie,https://www.imdb.com/title/tt1111422/,2009
tt0117060,2011-08-15,None,Brian De Palma,"Action, Adventure, Thriller",7.1,2011-08-15,364279,340,1996-05-20,110,Mission: Impossible,movie,https://www.imdb.com/title/tt0117060/,1996
tt0387564,2011-08-15,None,James Wan,"Horror, Mystery, Thriller",7.6,2011-08-15,357003,341,2004-01-19,103,Saw,movie,https://www.imdb.com/title/tt0387564/,2004
tt0431197,2011-08-15,None,Peter Berg,"Action, Drama, Thriller",7,2011-08-15,113424,342,2007-08-22,110,The Kingdom,movie,https://www.imdb.com/title/tt0431197/,2007
tt0463854,2011-08-15,None,Juan Carlos Fresnadillo,"Drama, Horror, Sci-Fi",7,2011-08-15,244563,343,2007-04-26,100,28 Weeks Later,movie,https://www.imdb.com/title/tt0463854/,2007
tt0780653,2011-08-15,None,Joe Johnston,"Drama, Fantasy, Horror, Thriller",5.8,2011-08-15,98958,344,2010-01-27,103,The Wolfman,movie,https://www.imdb.com/title/tt0780653/,2010
tt0120611,2011-08-15,None,Stephen Norrington,"Action, Horror, Sci-Fi",7.1,2011-08-15,230717,345,1998-08-19,120,Blade,movie,https://www.imdb.com/title/tt0120611/,1998
tt0382625,2011-08-15,None,Ron Howard,"Mystery, Thriller",6.6,2011-08-15,377357,346,2006-05-17,149,The Da Vinci Code,movie,https://www.imdb.com/title/tt0382625/,2006
tt0119177,2011-08-15,None,Andrew Niccol,"Drama, Sci-Fi, Thriller",7.8,2011-08-15,264579,347,1997-09-07,106,Gattaca,movie,https://www.imdb.com/title/tt0119177/,1997
tt0120201,2011-08-15,None,Paul Verhoeven,"Action, Adventure, Sci-Fi, Thriller",7.2,2011-08-15,253808,348,1997-11-04,129,Starship Troopers,movie,https://www.imdb.com/title/tt0120201/,1997
tt0425061,2011-08-15,None,Peter Segal,"Action, Adventure, Comedy",6.5,2011-08-15,192498,349,2008-06-19,110,Get Smart,movie,https://www.imdb.com/title/tt0425061/,2008
tt1131729,2011-08-15,None,Richard Curtis,"Comedy, Drama, Music",7.4,2011-08-15,103378,350,2009-04-01,135,The Boat That Rocked,movie,https://www.imdb.com/title/tt1131729/,2009
tt0120804,2011-08-15,None,Paul W.S. Anderson,"Action, Horror, Sci-Fi",6.7,2011-08-15,234609,351,2002-03-12,100,Resident Evil,movie,https://www.imdb.com/title/tt0120804/,2002
tt0367594,2011-08-15,None,Tim Burton,"Adventure, Comedy, Family, Fantasy, Musical",6.6,2011-08-15,395919,352,2005-07-10,115,Charlie and the Chocolate Factory,movie,https://www.imdb.com/title/tt0367594/,2005
tt0134847,2011-08-15,None,David Twohy,"Horror, Sci-Fi",7.1,2011-08-15,216039,353,2000-02-18,109,Pitch Black,movie,https://www.imdb.com/title/tt0134847/,2000
tt0399295,2011-08-15,None,Andrew Niccol,"Action, Crime, Drama, Thriller",7.6,2011-08-15,280729,354,2005-09-16,122,Lord of War,movie,https://www.imdb.com/title/tt0399295/,2005
tt0097576,2011-08-15,None,Steven Spielberg,"Action, Adventure",8.2,2011-08-15,645215,355,1989-05-24,127,Indiana Jones and the Last Crusade,movie,https://www.imdb.com/title/tt0097576/,1989
tt0986263,2011-08-15,None,Jonathan Mostow,"Action, Crime, Sci-Fi, Thriller",6.3,2011-08-15,164364,356,2009-09-24,89,Surrogates,movie,https://www.imdb.com/title/tt0986263/,2009
tt0359013,2011-08-15,None,David S. Goyer,"Action, Horror, Sci-Fi",5.9,2011-08-15,158172,357,2004-12-07,113,Blade: Trinity,movie,https://www.imdb.com/title/tt0359013/,2004
tt1234548,2011-08-15,None,Grant Heslov,"Comedy, War",6.2,2011-08-15,122613,358,2009-09-08,94,The Men Who Stare at Goats,movie,https://www.imdb.com/title/tt1234548/,2009
tt0389860,2011-08-15,None,Frank Coraci,"Comedy, Drama, Fantasy, Romance",6.4,2011-08-15,287564,359,2006-06-14,107,Click,movie,https://www.imdb.com/title/tt0389860/,2006
tt0103639,2011-08-15,None,"Ron Clements, John Musker","Animation, Adventure, Comedy, Family, Fantasy, Musical, Romance",8,2011-08-15,333600,360,1992-11-08,90,Aladdin,movie,https://www.imdb.com/title/tt0103639/,1992
tt0385752,2011-08-15,None,Chris Weitz,"Adventure, Family, Fantasy",6.1,2011-08-15,169487,361,2007-11-27,113,The Golden Compass,movie,https://www.imdb.com/title/tt0385752/,2007
tt0907657,2011-08-15,None,John Carney,"Drama, Music, Romance",7.8,2011-08-15,105938,362,2007-01-20,86,Once,movie,https://www.imdb.com/title/tt0907657/,2007
tt0087538,2011-08-15,None,John G. Avildsen,"Action, Drama, Family, Sport",7.2,2011-08-15,161145,363,1984-06-22,126,The Karate Kid,movie,https://www.imdb.com/title/tt0087538/,1984
tt0970452,2011-08-15,None,M.J. Bassett,"Action, Adventure, Crime, Fantasy, Sci-Fi, Thriller",6.1,2011-08-15,66581,364,2009-09-16,104,Solomon Kane,movie,https://www.imdb.com/title/tt0970452/,2009
tt0349683,2011-08-15,None,Antoine Fuqua,"Action, Adventure, Drama, History, War",6.3,2011-08-15,153258,365,2004-06-28,126,King Arthur,movie,https://www.imdb.com/title/tt0349683/,2004
tt0097165,2011-08-15,None,Peter Weir,"Comedy, Drama",8.1,2011-08-15,379874,366,1989-06-02,128,Dead Poets Society,movie,https://www.imdb.com/title/tt0097165/,1989
tt0259324,2011-08-15,None,Mark Steven Johnson,"Action, Fantasy, Thriller",5.2,2011-08-15,212081,367,2007-01-15,114,Ghost Rider,movie,https://www.imdb.com/title/tt0259324/,2007
tt0460740,2011-08-15,None,Sean Ellis,"Comedy, Drama, Romance",7.2,2011-08-15,80260,368,2006-09-10,102,Cashback,movie,https://www.imdb.com/title/tt0460740/,2006
tt0414982,2011-08-15,None,James Wong,Horror,5.8,2011-08-15,122644,369,2006-02-09,93,Final Destination 3,movie,https://www.imdb.com/title/tt0414982/,2006
tt0116367,2011-08-15,None,Robert Rodriguez,"Action, Crime, Horror",7.2,2011-08-15,267818,370,1996-01-19,108,From Dusk Till Dawn,movie,https://www.imdb.com/title/tt0116367/,1996
tt0884328,2011-08-15,None,Frank Darabont,"Horror, Sci-Fi",7.1,2011-08-15,264691,371,2007-11-12,126,The Mist,movie,https://www.imdb.com/title/tt0884328/,2007
tt1477076,2011-08-15,None,Kevin Greutert,"Horror, Mystery",5.6,2011-08-15,84761,372,2010-10-22,90,Saw 3D,movie,https://www.imdb.com/title/tt1477076/,2010
tt0322259,2011-08-15,None,John Singleton,"Action, Crime, Thriller",5.9,2011-08-15,235917,373,2003-06-03,107,2 Fast 2 Furious,movie,https://www.imdb.com/title/tt0322259/,2003
tt0065462,2011-08-15,None,Ted Post,"Action, Adventure, Sci-Fi",6.1,2011-08-15,39443,374,1970-04-23,95,Beneath the Planet of the Apes,movie,https://www.imdb.com/title/tt0065462/,1970
tt0384537,2011-08-15,None,Christophe Gans,Horror,6.5,2011-08-15,204757,375,2006-04-20,125,Silent Hill,movie,https://www.imdb.com/title/tt0384537/,2006
tt0408306,2011-08-15,None,Steven Spielberg,"Biography, Crime, Drama, History, Thriller",7.5,2011-08-15,200714,376,2005-12-23,164,Munich,movie,https://www.imdb.com/title/tt0408306/,2005
tt0455538,2011-08-15,None,Robert B. Weide,"Biography, Comedy, Drama, Romance",6.4,2011-08-15,66080,377,2008-10-03,110,How to Lose Friends & Alienate People,movie,https://www.imdb.com/title/tt0455538/,2008
tt0094012,2011-08-15,None,Mel Brooks,"Adventure, Comedy, Sci-Fi",7.1,2011-08-15,161096,378,1987-06-24,96,Spaceballs,movie,https://www.imdb.com/title/tt0094012/,1987
tt0498380,2011-08-15,None,Clint Eastwood,"Action, Adventure, Drama, History, War",7.9,2011-08-15,147574,379,2006-11-15,141,Letters from Iwo Jima,movie,https://www.imdb.com/title/tt0498380/,2006
tt0985699,2011-08-15,None,Bryan Singer,"Drama, History, Thriller, War",7.1,2011-08-15,216453,380,2008-12-25,121,Valkyrie,movie,https://www.imdb.com/title/tt0985699/,2008
tt0349903,2011-08-15,None,Steven Soderbergh,"Crime, Thriller",6.5,2011-08-15,336110,381,2004-12-08,125,Ocean's Twelve,movie,https://www.imdb.com/title/tt0349903/,2004
tt0068408,2011-08-15,None,J. Lee Thompson,"Action, Sci-Fi",6.1,2011-08-15,28386,382,1972-06-29,88,Conquest of the Planet of the Apes,movie,https://www.imdb.com/title/tt0068408/,1972
tt0309987,2011-08-15,None,Bernardo Bertolucci,"Drama, Romance",7.2,2011-08-15,102556,383,2003-09-01,115,The Dreamers,movie,https://www.imdb.com/title/tt0309987/,2003
tt1013753,2011-08-15,None,Gus Van Sant,"Biography, Drama",7.5,2011-08-15,157407,384,2008-10-28,128,Milk,movie,https://www.imdb.com/title/tt1013753/,2008
tt0187393,2011-08-15,None,Roland Emmerich,"Action, Drama, History, War",7.2,2011-08-15,240517,385,2000-06-27,165,The Patriot,movie,https://www.imdb.com/title/tt0187393/,2000
tt0117509,2011-08-15,None,Baz Luhrmann,"Drama, Romance",6.7,2011-08-15,198203,386,1996-10-27,120,Romeo + Juliet,movie,https://www.imdb.com/title/tt0117509/,1996
tt0061220,2011-08-15,None,Miguel Iglesias,"Drama, Music, Romance",6.3,2011-08-15,125,387,1966-04-01,107,"Dio, come ti amo!",movie,https://www.imdb.com/title/tt0061220/,1966
tt0465494,2011-08-15,None,Xavier Gens,"Action, Crime, Thriller",6.3,2011-08-15,155223,388,2007-11-21,100,Hitman,movie,https://www.imdb.com/title/tt0465494/,2007
tt0119654,2011-08-15,None,Barry Sonnenfeld,"Action, Adventure, Comedy, Sci-Fi",7.3,2011-08-15,485197,389,1997-07-02,98,Men in Black,movie,https://www.imdb.com/title/tt0119654/,1997
tt0435625,2011-08-15,None,Neil Marshall,"Adventure, Horror, Thriller",7.2,2011-08-15,187654,390,2005-03-11,99,The Descent,movie,https://www.imdb.com/title/tt0435625/,2005
tt0824324,2011-08-15,None,Carlo Virzì,Comedy,5.5,2011-08-15,160,391,2006-06-01,84,L'estate del mio primo bacio,movie,https://www.imdb.com/title/tt0824324/,2006
tt0094737,2011-08-15,None,Penny Marshall,"Comedy, Drama, Fantasy, Romance",7.3,2011-08-15,182705,392,1988-06-03,104,Big,movie,https://www.imdb.com/title/tt0094737/,1988
tt0465379,2011-08-15,None,Renato De Maria,Drama,5.9,2011-08-15,114,393,2005-06-03,84,Amatemi,movie,https://www.imdb.com/title/tt0465379/,2005
tt0092890,2011-08-15,None,Emile Ardolino,"Drama, Music, Romance",7,2011-08-15,180643,394,1987-05-12,100,Dirty Dancing,movie,https://www.imdb.com/title/tt0092890/,1987
tt0084827,2011-08-15,None,Steven Lisberger,"Action, Adventure, Sci-Fi",6.8,2011-08-15,107295,395,1982-07-09,96,TRON,movie,https://www.imdb.com/title/tt0084827/,1982
tt0385002,2011-08-15,None,Lexi Alexander,"Crime, Drama, Sport, War",7.5,2011-08-15,134930,396,2005-03-12,109,Hooligans,movie,https://www.imdb.com/title/tt0385002/,2005
tt0217869,2011-08-15,None,M. Night Shyamalan,"Drama, Mystery, Sci-Fi, Thriller",7.3,2011-08-15,361488,397,2000-11-14,106,Unbreakable,movie,https://www.imdb.com/title/tt0217869/,2000
tt0113497,2011-08-15,None,Joe Johnston,"Adventure, Comedy, Family, Fantasy",7,2011-08-15,276190,398,1995-12-15,104,Jumanji,movie,https://www.imdb.com/title/tt0113497/,1995
tt0318627,2011-08-15,None,Alexander Witt,"Action, Horror, Sci-Fi, Thriller",6.2,2011-08-15,177320,399,2004-08-23,94,Resident Evil: Apocalypse,movie,https://www.imdb.com/title/tt0318627/,2004
tt0187738,2011-08-15,None,Guillermo del Toro,"Action, Horror, Sci-Fi, Thriller",6.7,2011-08-15,189480,400,2002-03-21,117,Blade II,movie,https://www.imdb.com/title/tt0187738/,2002
tt0432021,2011-08-15,None,Russell Mulcahy,"Action, Horror, Sci-Fi, Thriller",6.3,2011-08-15,175176,401,2007-09-20,94,Resident Evil: Extinction,movie,https://www.imdb.com/title/tt0432021/,2007
tt1032815,2011-08-15,None,Chris Columbus,"Comedy, Romance",5.3,2011-08-15,32153,402,2009-07-10,102,"I Love You, Beth Cooper",movie,https://www.imdb.com/title/tt1032815/,2009
tt0096874,2011-08-15,None,Robert Zemeckis,"Adventure, Comedy, Sci-Fi",7.8,2011-08-15,436837,403,1989-11-20,108,Back to the Future Part II,movie,https://www.imdb.com/title/tt0096874/,1989
tt0100405,2011-08-15,None,Garry Marshall,"Comedy, Romance",7,2011-08-15,265410,404,1990-03-23,119,Pretty Woman,movie,https://www.imdb.com/title/tt0100405/,1990
tt0107614,2011-08-15,None,Chris Columbus,"Comedy, Drama, Family",7,2011-08-15,225211,405,1993-11-22,125,Mrs. Doubtfire,movie,https://www.imdb.com/title/tt0107614/,1993
tt0427944,2011-08-15,None,Jason Reitman,"Comedy, Drama",7.6,2011-08-15,207241,406,2005-09-09,92,Thank You for Smoking,movie,https://www.imdb.com/title/tt0427944/,2005
tt0109445,2011-08-15,None,Kevin Smith,Comedy,7.7,2011-08-15,203418,407,1994-01-31,92,Clerks,movie,https://www.imdb.com/title/tt0109445/,1994
tt1130080,2011-08-15,None,Steven Soderbergh,"Biography, Comedy, Crime, Drama",6.4,2011-08-15,60685,408,2009-09-07,108,The Informant!,movie,https://www.imdb.com/title/tt1130080/,2009
tt1186830,2011-08-15,None,Alejandro Amenábar,"Adventure, Biography, Drama, History, Romance",7.2,2011-08-15,62322,409,2009-05-17,127,Agora,movie,https://www.imdb.com/title/tt1186830/,2009
tt0215750,2011-08-15,None,Jean-Jacques Annaud,"Drama, History, War",7.6,2011-08-15,227778,410,2001-02-07,131,Enemy at the Gates,movie,https://www.imdb.com/title/tt0215750/,2001
tt0309593,2011-08-15,None,David R. Ellis,Horror,6.2,2011-08-15,142584,411,2003-01-30,90,Final Destination 2,movie,https://www.imdb.com/title/tt0309593/,2003
tt0053125,2011-08-15,None,Alfred Hitchcock,"Adventure, Mystery, Thriller",8.3,2011-08-15,276984,412,1959-07-01,136,North by Northwest,movie,https://www.imdb.com/title/tt0053125/,1959
tt0362227,2011-08-15,None,Steven Spielberg,"Comedy, Drama, Romance",7.3,2011-08-15,372337,413,2004-06-09,128,The Terminal,movie,https://www.imdb.com/title/tt0362227/,2004
tt0864761,2011-08-15,None,Saul Dibb,"Biography, Drama, History, Romance",6.9,2011-08-15,73557,414,2008-09-03,110,The Duchess,movie,https://www.imdb.com/title/tt0864761/,2008
tt0187078,2011-08-15,None,Dominic Sena,"Action, Crime, Thriller",6.5,2011-08-15,248696,415,2000-06-05,118,Gone in Sixty Seconds,movie,https://www.imdb.com/title/tt0187078/,2000
tt0418763,2011-08-15,None,Sam Mendes,"Action, Biography, Drama, War",7,2011-08-15,163618,416,2005-10-27,125,Jarhead,movie,https://www.imdb.com/title/tt0418763/,2005
tt0924129,2011-08-15,None,Wayne Kramer,"Crime, Drama",6.7,2011-08-15,22005,417,2009-02-26,113,Crossing Over,movie,https://www.imdb.com/title/tt0924129/,2009
tt0464141,2011-08-15,None,J.A. Bayona,"Drama, Horror, Mystery, Thriller",7.4,2011-08-15,139470,418,2007-05-20,105,El orfanato,movie,https://www.imdb.com/title/tt0464141/,2007
tt0405296,2011-08-15,None,Richard Linklater,"Animation, Crime, Drama, Mystery, Sci-Fi, Thriller",7.1,2011-08-15,101780,419,2006-05-25,100,A Scanner Darkly,movie,https://www.imdb.com/title/tt0405296/,2006
tt0375154,2011-08-15,None,Kevin Reynolds,"Action, Drama, Romance, War",6.8,2011-08-15,49083,420,2006-01-13,125,Tristan + Isolde,movie,https://www.imdb.com/title/tt0375154/,2006
tt1313097,2011-08-15,None,"Esmeralda Calabria, Andrea D'Ambrosio",Documentary,7.4,2011-08-15,98,421,2007-11-30,79,Biùtiful cauntri,movie,https://www.imdb.com/title/tt1313097/,2007
tt0087088,2011-08-15,None,Luciano De Crescenzo,Comedy,7.3,2011-08-15,531,422,1984-10-06,105,Così parlò Bellavista,movie,https://www.imdb.com/title/tt0087088/,1984
tt0091203,2011-08-15,None,Russell Mulcahy,"Action, Adventure, Fantasy",7.1,2011-08-15,114635,423,1986-01-31,116,Highlander,movie,https://www.imdb.com/title/tt0091203/,1986
tt0112864,2011-08-15,None,John McTiernan,"Action, Adventure, Thriller",7.6,2011-08-15,345028,424,1995-05-15,128,Die Hard: With a Vengeance,movie,https://www.imdb.com/title/tt0112864/,1995
tt0099423,2011-08-15,None,Renny Harlin,"Action, Thriller",7.2,2011-08-15,317047,425,1990-07-02,124,Die Hard 2,movie,https://www.imdb.com/title/tt0099423/,1990
tt0069768,2011-08-15,None,J. Lee Thompson,"Action, Sci-Fi",5.5,2011-08-15,27278,426,1973-06-15,93,Battle for the Planet of the Apes,movie,https://www.imdb.com/title/tt0069768/,1973
tt0093870,2011-08-15,None,Paul Verhoeven,"Action, Crime, Sci-Fi, Thriller",7.5,2011-08-15,217665,427,1987-07-17,102,RoboCop,movie,https://www.imdb.com/title/tt0093870/,1987
tt0084516,2011-08-15,None,Tobe Hooper,"Horror, Thriller",7.3,2011-08-15,131566,428,1982-06-04,114,Poltergeist,movie,https://www.imdb.com/title/tt0084516/,1982
tt0088323,2011-08-15,None,Wolfgang Petersen,"Adventure, Drama, Family, Fantasy",7.4,2011-08-15,122277,429,1984-04-06,102,Die unendliche Geschichte,movie,https://www.imdb.com/title/tt0088323/,1984
tt0146838,2011-08-15,None,Oliver Stone,"Drama, Sport",6.9,2011-08-15,107378,430,1999-12-16,162,Any Given Sunday,movie,https://www.imdb.com/title/tt0146838/,1999
tt0067065,2011-08-15,None,Don Taylor,"Action, Sci-Fi",6.3,2011-08-15,29883,431,1971-05-26,98,Escape from the Planet of the Apes,movie,https://www.imdb.com/title/tt0067065/,1971
tt0120755,2011-08-15,None,John Woo,"Action, Adventure, Thriller",6.1,2011-08-15,295327,432,2000-05-18,123,Mission: Impossible II,movie,https://www.imdb.com/title/tt0120755/,2000
tt0102798,2011-08-15,None,Kevin Reynolds,"Action, Adventure, Drama, Romance",6.9,2011-08-15,168418,433,1991-06-14,143,Robin Hood: Prince of Thieves,movie,https://www.imdb.com/title/tt0102798/,1991
tt0104691,2011-08-15,None,Michael Mann,"Action, Adventure, Drama, Romance, War",7.7,2011-08-15,138494,434,1992-08-26,112,The Last of the Mohicans,movie,https://www.imdb.com/title/tt0104691/,1992
tt0067992,2011-08-15,None,Mel Stuart,"Family, Fantasy, Musical",7.8,2011-08-15,164500,435,1971-06-28,100,Willy Wonka & the Chocolate Factory,movie,https://www.imdb.com/title/tt0067992/,1971
tt0120889,2011-08-15,None,Vincent Ward,"Drama, Fantasy, Romance",7,2011-08-15,96827,436,1998-09-28,113,What Dreams May Come,movie,https://www.imdb.com/title/tt0120889/,1998
tt0120912,2011-08-15,None,Barry Sonnenfeld,"Action, Adventure, Comedy, Mystery, Sci-Fi",6.2,2011-08-15,320947,437,2002-07-03,88,Men in Black II,movie,https://www.imdb.com/title/tt0120912/,2002
tt0118884,2011-08-15,None,Robert Zemeckis,"Drama, Mystery, Sci-Fi, Thriller",7.4,2011-08-15,238989,438,1997-07-11,150,Contact,movie,https://www.imdb.com/title/tt0118884/,1997
tt0388482,2011-08-15,None,Louis Leterrier,"Action, Thriller",6.3,2011-08-15,182187,439,2005-08-03,87,Transporter 2,movie,https://www.imdb.com/title/tt0388482/,2005
tt0370032,2011-08-15,None,Kurt Wimmer,"Action, Adventure, Crime, Fantasy, Sci-Fi, Thriller",4.4,2011-08-15,77110,440,2006-03-03,88,Ultraviolet,movie,https://www.imdb.com/title/tt0370032/,2006
tt0211032,2011-08-15,None,Claudio Fragasso,"Action, Drama",4.9,2011-08-15,117,441,1993-06-30,94,Teste rasate,movie,https://www.imdb.com/title/tt0211032/,1993
tt1093908,2011-08-15,None,P.J. Hogan,"Comedy, Romance",5.9,2011-08-15,71536,442,2009-02-05,104,Confessions of a Shopaholic,movie,https://www.imdb.com/title/tt1093908/,2009
tt0099088,2011-08-15,None,Robert Zemeckis,"Adventure, Comedy, Sci-Fi, Western",7.4,2011-08-15,367837,443,1990-05-25,118,Back to the Future Part III,movie,https://www.imdb.com/title/tt0099088/,1990
tt0471041,2011-08-15,None,Scott Mann,"Action, Thriller",6.1,2011-08-15,33184,444,2009-05-31,95,The Tournament,movie,https://www.imdb.com/title/tt0471041/,2009
tt0095765,2011-08-15,None,Giuseppe Tornatore,Drama,8.5,2011-08-15,206739,445,1988-09-29,155,Nuovo Cinema Paradiso,movie,https://www.imdb.com/title/tt0095765/,1988
tt0122690,2011-08-15,None,John Frankenheimer,"Action, Crime, Thriller",7.3,2011-08-15,163215,446,1998-09-12,122,Ronin,movie,https://www.imdb.com/title/tt0122690/,1998
tt0443453,2011-08-15,None,Larry Charles,Comedy,7.3,2011-08-15,336148,447,2006-08-04,84,Borat: Cultural Learnings of America for Make Benefit Glorious Nation of Kazakhstan,movie,https://www.imdb.com/title/tt0443453/,2006
tt0366627,2011-08-15,None,John Maybury,"Drama, Fantasy, Mystery, Sci-Fi, Thriller",7.1,2011-08-15,104511,448,2005-01-23,103,The Jacket,movie,https://www.imdb.com/title/tt0366627/,2005
tt0118583,2011-08-15,None,Jean-Pierre Jeunet,"Action, Horror, Sci-Fi",6.2,2011-08-15,214524,449,1997-11-06,109,Alien: Resurrection,movie,https://www.imdb.com/title/tt0118583/,1997
tt0427392,2011-08-15,None,"Oliver Hirschbiegel, James McTeigue","Sci-Fi, Thriller",5.9,2011-08-15,71883,450,2007-08-17,99,The Invasion,movie,https://www.imdb.com/title/tt0427392/,2007
tt1183665,2011-08-15,None,Jordan Scott,"Drama, Thriller",6.7,2011-08-15,18231,451,2009-09-11,104,Cracks,movie,https://www.imdb.com/title/tt1183665/,2009
tt1135503,2011-08-15,None,Nora Ephron,"Biography, Drama, Romance",7,2011-08-15,98196,452,2009-07-30,118,Julie & Julia,movie,https://www.imdb.com/title/tt1135503/,2009
tt0092965,2011-08-15,None,Steven Spielberg,"Drama, History, War",7.8,2011-08-15,107425,453,1987-12-08,153,Empire of the Sun,movie,https://www.imdb.com/title/tt0092965/,1987
tt0408790,2011-08-15,None,Robert Schwentke,"Action, Drama, Mystery, Thriller",6.3,2011-08-15,145245,454,2005-09-22,98,Flightplan,movie,https://www.imdb.com/title/tt0408790/,2005
tt1038685,2011-08-15,None,Gordon Chan,"Action, Sci-Fi, Thriller",3,2011-08-15,3948,455,2010-08-26,93,The King of Fighters,movie,https://www.imdb.com/title/tt1038685/,2010
tt1258197,2011-08-15,None,Stuart Hazeldine,"Mystery, Thriller",6.8,2011-08-15,96893,456,2009-06-30,101,Exam,movie,https://www.imdb.com/title/tt1258197/,2009
tt0962736,2011-08-15,None,Jean-Marc Vallée,"Biography, Drama, History, Romance",7.3,2011-08-15,54628,457,2009-03-06,105,The Young Victoria,movie,https://www.imdb.com/title/tt0962736/,2009
tt0424880,2011-08-15,None,Neil Armfield,"Drama, Romance",7.3,2011-08-15,41185,458,2006-02-15,116,Candy,movie,https://www.imdb.com/title/tt0424880/,2006
tt0099810,2011-08-15,None,John McTiernan,"Action, Adventure, Thriller",7.6,2011-08-15,166736,459,1990-03-02,135,The Hunt for Red October,movie,https://www.imdb.com/title/tt0099810/,1990
tt0258000,2011-08-15,None,David Fincher,"Crime, Drama, Thriller",6.8,2011-08-15,241096,460,2002-03-18,112,Panic Room,movie,https://www.imdb.com/title/tt0258000/,2002
tt0111282,2011-08-15,None,Roland Emmerich,"Action, Adventure, Sci-Fi",7.1,2011-08-15,167151,461,1994-10-28,116,Stargate,movie,https://www.imdb.com/title/tt0111282/,1994
tt0087182,2011-08-15,None,David Lynch,"Action, Adventure, Sci-Fi",6.5,2011-08-15,113306,462,1984-12-03,137,Dune,movie,https://www.imdb.com/title/tt0087182/,1984
tt0093409,2011-08-15,None,Richard Donner,"Action, Crime, Thriller",7.6,2011-08-15,222402,463,1987-03-06,109,Lethal Weapon,movie,https://www.imdb.com/title/tt0093409/,1987
tt0266308,2011-08-15,None,Kinji Fukasaku,"Adventure, Drama, Sci-Fi, Thriller",7.6,2011-08-15,160897,464,2000-10-31,114,Batoru rowaiaru,movie,https://www.imdb.com/title/tt0266308/,2000
tt0286788,2011-08-15,None,Dennie Gordon,"Comedy, Drama, Family, Romance",5.8,2011-08-15,55858,465,2003-03-27,105,What a Girl Wants,movie,https://www.imdb.com/title/tt0286788/,2003
tt1233227,2011-08-15,None,Kevin Greutert,"Horror, Mystery, Thriller",6,2011-08-15,94868,466,2009-10-22,90,Saw VI,movie,https://www.imdb.com/title/tt1233227/,2009
tt0340163,2011-08-15,None,Florent-Emilio Siri,"Action, Crime, Drama, Mystery, Thriller",6.6,2011-08-15,103124,467,2005-03-09,113,Hostage,movie,https://www.imdb.com/title/tt0340163/,2005
tt0365737,2011-08-15,None,Stephen Gaghan,"Drama, Thriller",6.9,2011-08-15,121462,468,2005-11-23,128,Syriana,movie,https://www.imdb.com/title/tt0365737/,2005
tt0120188,2011-08-15,None,David O. Russell,"Action, Adventure, Comedy, Drama, War",7.1,2011-08-15,153987,469,1999-09-27,114,Three Kings,movie,https://www.imdb.com/title/tt0120188/,1999
tt0106856,2011-08-15,None,Joel Schumacher,"Crime, Drama, Thriller",7.6,2011-08-15,157957,470,1993-02-26,113,Falling Down,movie,https://www.imdb.com/title/tt0106856/,1993
tt0800069,2011-08-15,None,Martin Weisz,"Horror, Thriller",5.1,2011-08-15,57989,471,2007-03-16,89,The Hills Have Eyes II,movie,https://www.imdb.com/title/tt0800069/,2007
tt0107977,2011-08-15,None,Mel Brooks,"Adventure, Comedy, Musical, Romance",6.7,2011-08-15,109036,472,1993-07-28,104,Robin Hood: Men in Tights,movie,https://www.imdb.com/title/tt0107977/,1993
tt0425123,2011-08-15,None,Mark Waters,"Comedy, Drama, Fantasy, Romance",6.7,2011-08-15,94203,473,2005-09-16,95,Just Like Heaven,movie,https://www.imdb.com/title/tt0425123/,2005
tt1078188,2011-08-15,None,John Crowley,Drama,7.6,2011-08-15,35936,474,2007-09-08,102,Boy A,movie,https://www.imdb.com/title/tt1078188/,2007
tt0073650,2011-08-15,None,Pier Paolo Pasolini,"Drama, Horror, War",5.9,2011-08-15,49299,475,1975-11-22,117,Salò o le 120 giornate di Sodoma,movie,https://www.imdb.com/title/tt0073650/,1975
tt0391198,2011-08-15,None,Takashi Shimizu,"Horror, Mystery, Thriller",5.9,2011-08-15,132789,476,2004-10-12,91,The Grudge,movie,https://www.imdb.com/title/tt0391198/,2004
tt0480025,2011-08-15,None,Shane Meadows,"Crime, Drama",7.7,2011-08-15,110967,477,2006-09-12,101,This Is England,movie,https://www.imdb.com/title/tt0480025/,2006
tt0080120,2011-08-15,None,Walter Hill,"Action, Crime, Thriller",7.6,2011-08-15,87067,478,1979-02-01,92,The Warriors,movie,https://www.imdb.com/title/tt0080120/,1979
tt0430357,2011-08-15,None,Michael Mann,"Action, Crime, Thriller",6,2011-08-15,104749,479,2006-07-20,132,Miami Vice,movie,https://www.imdb.com/title/tt0430357/,2006
tt0432348,2011-08-15,None,Darren Lynn Bousman,"Horror, Mystery",6.6,2011-08-15,220474,480,2005-10-28,93,Saw II,movie,https://www.imdb.com/title/tt0432348/,2005
tt0096438,2011-08-15,None,Robert Zemeckis,"Animation, Adventure, Comedy, Crime, Family, Fantasy, Mystery",7.7,2011-08-15,171039,481,1988-06-21,104,Who Framed Roger Rabbit,movie,https://www.imdb.com/title/tt0096438/,1988
tt0109831,2011-08-15,None,Mike Newell,"Comedy, Drama, Romance",7,2011-08-15,129223,482,1994-01-20,117,Four Weddings and a Funeral,movie,https://www.imdb.com/title/tt0109831/,1994
tt0077402,2011-08-15,None,George A. Romero,"Horror, Thriller",7.9,2011-08-15,104844,483,1978-09-01,127,Dawn of the Dead,movie,https://www.imdb.com/title/tt0077402/,1978
tt1103982,2011-08-15,None,Steven Soderbergh,Drama,5.5,2011-08-15,15251,484,2009-01-20,77,The Girlfriend Experience,movie,https://www.imdb.com/title/tt1103982/,2009
tt0346336,2011-08-15,None,Marco Tullio Giordana,"Drama, Romance",8.5,2011-08-15,19267,485,2003-05-20,366,La meglio gioventù,movie,https://www.imdb.com/title/tt0346336/,2003
tt0414852,2011-08-15,None,Pierre Morel,"Action, Crime, Sci-Fi, Thriller",7.2,2011-08-15,63586,486,2004-11-10,84,Banlieue 13,movie,https://www.imdb.com/title/tt0414852/,2004
tt0438466,2011-08-15,None,Giovanni La Parola,Comedy,6,2011-08-15,141,487,2005-10-01,90,...e se domani,movie,https://www.imdb.com/title/tt0438466/,2005
tt0190374,2011-08-15,None,Courtney Solomon,"Action, Adventure, Fantasy",3.6,2011-08-15,30752,488,2000-12-08,107,Dungeons & Dragons,movie,https://www.imdb.com/title/tt0190374/,2000
tt0251736,2011-08-15,None,Rob Zombie,Horror,6.1,2011-08-15,71057,489,2003-03-13,89,House of 1000 Corpses,movie,https://www.imdb.com/title/tt0251736/,2003
tt0096256,2011-08-15,None,John Carpenter,"Action, Horror, Sci-Fi, Thriller",7.3,2011-08-15,99034,490,1988-11-04,94,They Live,movie,https://www.imdb.com/title/tt0096256/,1988
tt0086567,2011-08-15,None,John Badham,"Sci-Fi, Thriller",7.1,2011-08-15,84786,491,1983-05-19,114,WarGames,movie,https://www.imdb.com/title/tt0086567/,1983
tt0964587,2011-08-15,None,"Oliver Parker, Barnaby Thompson","Comedy, Family",5.8,2011-08-15,20603,492,2007-12-10,97,St. Trinian's,movie,https://www.imdb.com/title/tt0964587/,2007
tt0492880,2011-08-15,None,Daniele Costantini,"Crime, Drama",6.9,2011-08-15,83,493,2005-12-31,88,Fatti della banda della Magliana,movie,https://www.imdb.com/title/tt0492880/,2005
tt0483301,2011-08-15,None,Francesco Fei,,7.1,2011-08-15,73,494,2005-09-25,92,Onde,movie,https://www.imdb.com/title/tt0483301/,2005
tt0418819,2011-08-15,None,George A. Romero,"Horror, Sci-Fi, Thriller",6.2,2011-08-15,87960,495,2005-06-18,93,Land of the Dead,movie,https://www.imdb.com/title/tt0418819/,2005
tt0074812,2011-08-15,None,Michael Anderson,"Action, Sci-Fi",6.8,2011-08-15,48327,496,1976-06-23,119,Logan's Run,movie,https://www.imdb.com/title/tt0074812/,1976
tt1185836,2011-08-15,None,Max Mayer,"Comedy, Drama, Romance",7.2,2011-08-15,32730,497,2009-01-20,99,Adam,movie,https://www.imdb.com/title/tt1185836/,2009
tt0218967,2011-08-15,None,Brett Ratner,"Comedy, Drama, Fantasy, Romance",6.8,2011-08-15,97867,498,2000-12-12,125,The Family Man,movie,https://www.imdb.com/title/tt0218967/,2000
tt0489270,2011-08-15,None,Darren Lynn Bousman,"Horror, Mystery, Thriller",6.2,2011-08-15,168497,499,2006-10-26,108,Saw III,movie,https://www.imdb.com/title/tt0489270/,2006
tt0890870,2011-08-15,None,Darren Lynn Bousman,"Horror, Mystery, Thriller",5.9,2011-08-15,132789,500,2007-10-25,93,Saw IV,movie,https://www.imdb.com/title/tt0890870/,2007
tt0082340,2011-08-15,None,John Carpenter,"Action, Adventure, Sci-Fi",7.2,2011-08-15,114337,501,1981-04-01,99,Escape from New York,movie,https://www.imdb.com/title/tt0082340/,1981
tt0093894,2011-08-15,None,Paul Michael Glaser,"Action, Sci-Fi, Thriller",6.7,2011-08-15,132922,502,1987-11-13,101,The Running Man,movie,https://www.imdb.com/title/tt0093894/,1987
tt0101761,2011-08-15,None,Oliver Stone,"Biography, Drama, Music",7.2,2011-08-15,79008,503,1991-02-23,140,The Doors,movie,https://www.imdb.com/title/tt0101761/,1991
tt0120891,2011-08-15,None,Barry Sonnenfeld,"Action, Comedy, Sci-Fi, Western",4.9,2011-08-15,145862,504,1999-06-30,106,Wild Wild West,movie,https://www.imdb.com/title/tt0120891/,1999
tt0181984,2011-08-15,None,Ben Younger,"Crime, Drama, Thriller",7,2011-08-15,46897,505,2000-01-30,120,Boiler Room,movie,https://www.imdb.com/title/tt0181984/,2000
tt0091326,2011-08-15,None,John G. Avildsen,"Action, Family, Romance, Sport",6,2011-08-15,66904,506,1986-06-19,113,The Karate Kid Part II,movie,https://www.imdb.com/title/tt0091326/,1986
tt0808417,2011-08-15,None,"Vincent Paronnaud, Marjane Satrapi","Animation, Biography, Drama, History, War",8,2011-08-15,83127,507,2007-05-23,96,Persepolis,movie,https://www.imdb.com/title/tt0808417/,2007
tt0113247,2011-08-15,None,Mathieu Kassovitz,"Crime, Drama",8.1,2011-08-15,134329,508,1995-05-27,98,La haine,movie,https://www.imdb.com/title/tt0113247/,1995
tt1132626,2011-08-15,None,David Hackl,"Horror, Mystery, Thriller",5.8,2011-08-15,108322,509,2008-10-23,92,Saw V,movie,https://www.imdb.com/title/tt1132626/,2008
tt0373926,2011-08-15,None,Sydney Pollack,"Crime, Mystery, Thriller",6.4,2011-08-15,93832,510,2005-04-04,128,The Interpreter,movie,https://www.imdb.com/title/tt0373926/,2005
tt0250687,2011-08-15,None,Jerry Zucker,"Adventure, Comedy",6.4,2011-08-15,103905,511,2001-07-30,112,Rat Race,movie,https://www.imdb.com/title/tt0250687/,2001
tt0139809,2011-08-15,None,Josef Rusnak,"Mystery, Sci-Fi, Thriller",7.1,2011-08-15,62656,512,1999-04-16,100,The Thirteenth Floor,movie,https://www.imdb.com/title/tt0139809/,1999
tt0346156,2011-08-15,None,Kerry Conran,"Action, Adventure, Crime, Fantasy, Mystery, Sci-Fi, Thriller",6,2011-08-15,79305,513,2004-09-14,106,Sky Captain and the World of Tomorrow,movie,https://www.imdb.com/title/tt0346156/,2004
tt0799934,2011-08-15,None,Michel Gondry,Comedy,6.4,2011-08-15,86339,514,2008-01-20,102,Be Kind Rewind,movie,https://www.imdb.com/title/tt0799934/,2008
tt0076666,2011-08-15,None,John Badham,"Drama, Music",6.8,2011-08-15,65288,515,1977-12-12,118,Saturday Night Fever,movie,https://www.imdb.com/title/tt0076666/,1977
tt0090329,2011-08-15,None,Peter Weir,"Crime, Drama, Romance, Thriller",7.4,2011-08-15,79702,516,1985-02-07,112,Witness,movie,https://www.imdb.com/title/tt0090329/,1985
tt0265459,2011-08-15,None,Mark Romanek,"Drama, Thriller",6.8,2011-08-15,109226,517,2002-01-13,96,One Hour Photo,movie,https://www.imdb.com/title/tt0265459/,2002
tt0929425,2011-08-15,None,Matteo Garrone,"Crime, Drama",7,2011-08-15,44055,518,2008-05-16,137,Gomorra,movie,https://www.imdb.com/title/tt0929425/,2008
tt0850253,2011-08-15,None,Stuart Townsend,"Action, Drama",6.7,2011-08-15,13839,519,2007-09-08,99,Battle in Seattle,movie,https://www.imdb.com/title/tt0850253/,2007
tt0122151,2011-08-15,None,Richard Donner,"Action, Crime, Thriller",6.6,2011-08-15,145335,520,1998-07-07,127,Lethal Weapon 4,movie,https://www.imdb.com/title/tt0122151/,1998
tt0097733,2011-08-15,None,Richard Donner,"Action, Crime, Thriller",7.2,2011-08-15,151267,521,1989-07-05,114,Lethal Weapon 2,movie,https://www.imdb.com/title/tt0097733/,1989
tt0106611,2011-08-15,None,Jon Turteltaub,"Adventure, Comedy, Family, History, Sport",6.9,2011-08-15,85369,522,1993-10-01,98,Cool Runnings,movie,https://www.imdb.com/title/tt0106611/,1993
tt0485851,2011-08-15,None,Jieho Lee,"Crime, Drama, Thriller",6.8,2011-08-15,32941,523,2007-04-29,95,The Air I Breathe,movie,https://www.imdb.com/title/tt0485851/,2007
tt0108255,2011-08-15,None,"Annabel Jankel, Rocky Morton","Adventure, Comedy, Family, Fantasy, Sci-Fi",4,2011-08-15,46106,524,1993-05-28,104,Super Mario Bros.,movie,https://www.imdb.com/title/tt0108255/,1993
tt1695994,2011-08-15,None,"Andrew Gurland, Huck Botko",Comedy,4.6,2011-08-15,3718,525,2010-09-10,86,The Virginity Hit,movie,https://www.imdb.com/title/tt1695994/,2010
tt1073105,2011-08-15,None,Jon Harris,"Adventure, Horror, Thriller",5.8,2011-08-15,40736,526,2009-08-24,94,The Descent: Part 2,movie,https://www.imdb.com/title/tt1073105/,2009
tt0412019,2011-08-15,None,Jim Jarmusch,"Comedy, Drama, Mystery, Romance",7.2,2011-08-15,93353,527,2005-05-17,106,Broken Flowers,movie,https://www.imdb.com/title/tt0412019/,2005
tt0430308,2011-08-15,None,Jim Sheridan,"Biography, Crime, Drama, Music",5.3,2011-08-15,41896,528,2005-11-09,117,Get Rich or Die Tryin',movie,https://www.imdb.com/title/tt0430308/,2005
tt0384680,2011-08-15,None,Gore Verbinski,"Comedy, Drama",6.5,2011-08-15,75206,529,2005-10-20,102,The Weather Man,movie,https://www.imdb.com/title/tt0384680/,2005
tt0815241,2011-08-15,None,Larry Charles,"Documentary, Comedy, War",7.6,2011-08-15,56343,530,2008-08-01,101,Religulous,movie,https://www.imdb.com/title/tt0815241/,2008
tt0111301,2011-08-15,None,Steven E. de Souza,"Action, Adventure, Comedy, Thriller",3.9,2011-08-15,62007,531,1994-12-23,102,Street Fighter,movie,https://www.imdb.com/title/tt0111301/,1994
tt0093105,2011-08-15,None,Barry Levinson,"Biography, Comedy, Drama, War",7.3,2011-08-15,118016,532,1987-12-23,121,"Good Morning, Vietnam",movie,https://www.imdb.com/title/tt0093105/,1987
tt0844760,2011-08-15,None,Edward Neumeier,"Action, Adventure, Sci-Fi",4.3,2011-08-15,21766,533,2008-07-19,105,Starship Troopers 3: Marauder,video,https://www.imdb.com/title/tt0844760/,2008
tt0113481,2011-08-15,None,Robert Longo,"Action, Drama, Sci-Fi, Thriller",5.7,2011-08-15,63285,534,1995-04-15,96,Johnny Mnemonic,movie,https://www.imdb.com/title/tt0113481/,1995
tt0106582,2011-08-15,None,Renny Harlin,"Action, Adventure, Thriller",6.4,2011-08-15,113005,535,1993-05-20,113,Cliffhanger,movie,https://www.imdb.com/title/tt0106582/,1993
tt0173840,2011-08-15,None,"Motonori Sakakibara, Hironobu Sakaguchi","Animation, Action, Adventure, Fantasy, Romance, Sci-Fi",6.4,2011-08-15,78329,536,2001-07-02,106,Final Fantasy: The Spirits Within,movie,https://www.imdb.com/title/tt0173840/,2001
tt0102511,2011-08-15,None,David Cronenberg,Drama,7.1,2011-08-15,43429,537,1991-12-12,115,Naked Lunch,movie,https://www.imdb.com/title/tt0102511/,1991
tt0093389,2011-08-15,None,Bernardo Bertolucci,"Biography, Drama, History",7.7,2011-08-15,86352,538,1987-10-04,163,The Last Emperor,movie,https://www.imdb.com/title/tt0093389/,1987
tt0116136,2011-08-15,None,Rob Cohen,"Action, Adventure, Fantasy",6.5,2011-08-15,87262,539,1996-05-31,103,DragonHeart,movie,https://www.imdb.com/title/tt0116136/,1996
tt0893402,2011-08-15,None,Gerald McMorrow,"Drama, Fantasy, Sci-Fi, Thriller",6.2,2011-08-15,16319,540,2008-10-16,98,Franklyn,movie,https://www.imdb.com/title/tt0893402/,2008
tt1035736,2011-08-15,None,Anne Fontaine,"Biography, Drama",6.7,2011-08-15,37107,541,2009-04-22,105,Coco avant Chanel,movie,https://www.imdb.com/title/tt1035736/,2009
tt1477715,2011-08-15,None,Kenny Ortega,"Documentary, Drama, Music",7.2,2011-08-15,37136,542,2009-10-28,111,This Is It,movie,https://www.imdb.com/title/tt1477715/,2009
tt0460792,2011-08-15,None,Richard Linklater,"Comedy, Drama, Romance, Thriller",6.3,2011-08-15,22695,543,2006-05-19,116,Fast Food Nation,movie,https://www.imdb.com/title/tt0460792/,2006
tt0050986,2011-08-15,None,Ingmar Bergman,"Drama, Romance",8.2,2011-08-15,86052,544,1957-12-26,91,Smultronstället,movie,https://www.imdb.com/title/tt0050986/,1957
tt0070608,2011-08-15,None,Wolfgang Reitherman,"Animation, Adventure, Comedy, Family, Romance",7.6,2011-08-15,105966,545,1973-11-08,83,Robin Hood,movie,https://www.imdb.com/title/tt0070608/,1973
tt0319421,2011-08-15,None,"Alessandro Rossi, Michele Mellara",,6.4,2011-08-15,33,546,2002-10-25,110,Fortezza Bastiani,movie,https://www.imdb.com/title/tt0319421/,2002
tt0388483,2011-08-15,None,Luca Lucini,Romance,5.2,2011-08-15,3113,547,2004-03-12,101,Tre metri sopra il cielo,movie,https://www.imdb.com/title/tt0388483/,2004
tt0104040,2011-08-15,None,Paul Michael Glaser,"Comedy, Drama, Romance, Sport",6.9,2011-08-15,17736,548,1992-03-27,101,The Cutting Edge,movie,https://www.imdb.com/title/tt0104040/,1992
tt0335266,2011-08-15,None,Sofia Coppola,Drama,7.7,2011-08-15,379619,549,2003-08-29,102,Lost in Translation,movie,https://www.imdb.com/title/tt0335266/,2003